nr,nazwa,pp,numberOfSeeds,seeds,numberOfNodes,step,infectedPerStep,infectedTotal,infectedTotalPercentage,computionalTime,limitPercentage
5,12,0.1,1,[104],1,1,11,12,1.059135039717564,[],1
5,12,0.1,1,[104],1,2,18,30,2.64783759929391,[],1
5,12,0.1,1,[104],1,3,26,56,4.942630185348632,[],1
5,12,0.1,1,[104],1,4,42,98,8.649602824360105,[],1
5,12,0.1,1,[104],1,5,71,169,14.916151809355693,[],1
5,12,0.1,1,[104],1,6,74,243,21.44748455428067,[],1
5,12,0.1,1,[104],1,7,53,296,26.12533097969991,[],1
5,12,0.1,1,[104],1,8,59,355,31.332744924977934,[],1
5,12,0.1,1,[104],1,9,42,397,35.039717563989406,[],1
5,12,0.1,1,[104],1,10,34,431,38.0406001765225,[],1
5,12,0.1,1,[104],1,11,16,447,39.45278022947926,[],1
5,12,0.1,1,[104],1,12,10,457,40.33539276257723,[],1
5,12,0.1,1,[104],1,13,4,461,40.68843777581642,[],1
5,12,0.1,1,[104],1,14,1,462,40.77669902912621,[],1
5,12,0.1,1,[104],1,15,2,464,40.95322153574581,[],1
5,12,0.1,1,[104],1,16,3,467,41.2180052956752,[],1
5,12,0.1,1,[104],1,17,0,467,41.2180052956752,[],1
5,12,0.1,1,[40],2,18,0,468,41.30626654898499,[],1
5,12,0.1,1,[204],3,19,2,471,41.57105030891439,[],1
5,12,0.1,1,[204],3,20,4,475,41.924095322153576,[],1
5,12,0.1,1,[204],3,21,2,477,42.10061782877317,[],1
5,12,0.1,1,[204],3,22,0,477,42.10061782877317,[],1
5,12,0.1,1,[286],4,23,0,478,42.18887908208296,[],1
5,12,0.1,1,[44],5,24,2,481,42.453662842012356,[],1
5,12,0.1,1,[44],5,25,1,482,42.54192409532215,[],1
5,12,0.1,1,[44],5,26,1,483,42.63018534863195,[],1
5,12,0.1,1,[44],5,27,0,483,42.63018534863195,[],1
5,12,0.1,1,[211],6,28,0,484,42.71844660194174,[],1
5,12,0.1,1,[182],7,29,1,486,42.89496910856134,[],1
5,12,0.1,1,[182],7,30,1,487,42.983230361871136,[],1
5,12,0.1,1,[182],7,31,0,487,42.983230361871136,[],1
5,12,0.1,1,[84],8,32,0,488,43.07149161518093,[],1
5,12,0.1,1,[130],9,33,1,490,43.24801412180053,[],1
5,12,0.1,1,[130],9,34,2,492,43.42453662842012,[],1
5,12,0.1,1,[130],9,35,1,493,43.51279788172992,[],1
5,12,0.1,1,[130],9,36,1,494,43.60105913503972,[],1
5,12,0.1,1,[130],9,37,1,495,43.689320388349515,[],1
5,12,0.1,1,[130],9,38,2,497,43.865842894969106,[],1
5,12,0.1,1,[130],9,39,1,498,43.95410414827891,[],1
5,12,0.1,1,[130],9,40,1,499,44.042365401588704,[],1
5,12,0.1,1,[130],9,41,0,499,44.042365401588704,[],1
5,12,0.1,1,[72],10,42,0,500,44.1306266548985,[],1
5,12,0.1,1,[587],11,43,0,501,44.2188879082083,[],1
5,12,0.1,2,"[104, 332]",2,1,16,18,1.5887025595763458,[],1
5,12,0.1,2,"[104, 332]",2,2,34,52,4.5895851721094445,[],1
5,12,0.1,2,"[104, 332]",2,3,44,96,8.473080317740513,[],1
5,12,0.1,2,"[104, 332]",2,4,59,155,13.680494263018536,[],1
5,12,0.1,2,"[104, 332]",2,5,72,227,20.03530450132392,[],1
5,12,0.1,2,"[104, 332]",2,6,58,285,25.154457193292146,[],1
5,12,0.1,2,"[104, 332]",2,7,43,328,28.949691085613416,[],1
5,12,0.1,2,"[104, 332]",2,8,45,373,32.92144748455428,[],1
5,12,0.1,2,"[104, 332]",2,9,36,409,36.09885260370697,[],1
5,12,0.1,2,"[104, 332]",2,10,29,438,38.658428949691086,[],1
5,12,0.1,2,"[104, 332]",2,11,14,452,39.894086496028244,[],1
5,12,0.1,2,"[104, 332]",2,12,10,462,40.77669902912621,[],1
5,12,0.1,2,"[104, 332]",2,13,5,467,41.2180052956752,[],1
5,12,0.1,2,"[104, 332]",2,14,0,467,41.2180052956752,[],1
5,12,0.1,2,"[40, 204]",4,15,0,469,41.394527802294796,[],1
5,12,0.1,2,"[211, 286]",6,16,5,476,42.01235657546337,[],1
5,12,0.1,2,"[211, 286]",6,17,6,482,42.54192409532215,[],1
5,12,0.1,2,"[211, 286]",6,18,2,484,42.71844660194174,[],1
5,12,0.1,2,"[211, 286]",6,19,1,485,42.806707855251545,[],1
5,12,0.1,2,"[211, 286]",6,20,0,485,42.806707855251545,[],1
5,12,0.1,2,"[44, 182]",8,21,0,487,42.983230361871136,[],1
5,12,0.1,2,"[84, 130]",10,22,0,489,43.15975286849073,[],1
5,12,0.1,1,[72],11,23,2,492,43.42453662842012,[],1
5,12,0.1,1,[72],11,24,1,493,43.51279788172992,[],1
5,12,0.1,1,[72],11,25,1,494,43.60105913503972,[],1
5,12,0.1,1,[72],11,26,1,495,43.689320388349515,[],1
5,12,0.1,1,[72],11,27,1,496,43.77758164165931,[],1
5,12,0.1,1,[72],11,28,2,498,43.95410414827891,[],1
5,12,0.1,1,[72],11,29,1,499,44.042365401588704,[],1
5,12,0.1,1,[72],11,30,1,500,44.1306266548985,[],1
5,12,0.1,1,[72],11,31,0,500,44.1306266548985,[],1
5,12,0.1,4,"[104, 332, 15, 22]",4,1,24,28,2.471315092674316,[],1
5,12,0.1,4,"[104, 332, 15, 22]",4,2,50,78,6.884377758164166,[],1
5,12,0.1,4,"[104, 332, 15, 22]",4,3,76,154,13.592233009708737,[],1
5,12,0.1,4,"[104, 332, 15, 22]",4,4,87,241,21.270962047661076,[],1
5,12,0.1,4,"[104, 332, 15, 22]",4,5,88,329,29.037952338923212,[],1
5,12,0.1,4,"[104, 332, 15, 22]",4,6,51,380,33.53927625772286,[],1
5,12,0.1,4,"[104, 332, 15, 22]",4,7,36,416,36.716681376875556,[],1
5,12,0.1,4,"[104, 332, 15, 22]",4,8,27,443,39.09973521624007,[],1
5,12,0.1,4,"[104, 332, 15, 22]",4,9,16,459,40.51191526919683,[],1
5,12,0.1,4,"[104, 332, 15, 22]",4,10,2,461,40.68843777581642,[],1
5,12,0.1,4,"[104, 332, 15, 22]",4,11,3,464,40.95322153574581,[],1
5,12,0.1,4,"[104, 332, 15, 22]",4,12,3,467,41.2180052956752,[],1
5,12,0.1,4,"[104, 332, 15, 22]",4,13,0,467,41.2180052956752,[],1
5,12,0.1,4,"[40, 204, 211, 286]",8,14,0,471,41.57105030891439,[],1
5,12,0.1,3,"[44, 127, 182]",11,15,8,482,42.54192409532215,[],1
5,12,0.1,3,"[44, 127, 182]",11,16,6,488,43.07149161518093,[],1
5,12,0.1,3,"[44, 127, 182]",11,17,2,490,43.24801412180053,[],1
5,12,0.1,3,"[44, 127, 182]",11,18,0,490,43.24801412180053,[],1
5,12,0.1,8,"[104, 332, 15, 22, 41, 40, 195, 232]",8,1,40,48,4.236540158870256,[],1
5,12,0.1,8,"[104, 332, 15, 22, 41, 40, 195, 232]",8,2,70,118,10.414827890556046,[],1
5,12,0.1,8,"[104, 332, 15, 22, 41, 40, 195, 232]",8,3,92,210,18.53486319505737,[],1
5,12,0.1,8,"[104, 332, 15, 22, 41, 40, 195, 232]",8,4,96,306,27.007943512797883,[],1
5,12,0.1,8,"[104, 332, 15, 22, 41, 40, 195, 232]",8,5,78,384,33.89232127096205,[],1
5,12,0.1,8,"[104, 332, 15, 22, 41, 40, 195, 232]",8,6,38,422,37.246248896734336,[],1
5,12,0.1,8,"[104, 332, 15, 22, 41, 40, 195, 232]",8,7,24,446,39.364518976169464,[],1
5,12,0.1,8,"[104, 332, 15, 22, 41, 40, 195, 232]",8,8,18,464,40.95322153574581,[],1
5,12,0.1,8,"[104, 332, 15, 22, 41, 40, 195, 232]",8,9,7,471,41.57105030891439,[],1
5,12,0.1,8,"[104, 332, 15, 22, 41, 40, 195, 232]",8,10,0,471,41.57105030891439,[],1
5,12,0.1,3,"[204, 211, 286]",11,11,0,474,41.83583406884378,[],1
5,12,0.1,11,"[104, 332, 15, 22, 41, 40, 195, 232, 20, 75, 23]",11,1,50,61,5.3839364518976165,[],1
5,12,0.1,11,"[104, 332, 15, 22, 41, 40, 195, 232, 20, 75, 23]",11,2,78,139,12.268314210061783,[],1
5,12,0.1,11,"[104, 332, 15, 22, 41, 40, 195, 232, 20, 75, 23]",11,3,98,237,20.91791703442189,[],1
5,12,0.1,11,"[104, 332, 15, 22, 41, 40, 195, 232, 20, 75, 23]",11,4,87,324,28.596646072374227,[],1
5,12,0.1,11,"[104, 332, 15, 22, 41, 40, 195, 232, 20, 75, 23]",11,5,69,393,34.68667255075022,[],1
5,12,0.1,11,"[104, 332, 15, 22, 41, 40, 195, 232, 20, 75, 23]",11,6,35,428,37.775816416593116,[],1
5,12,0.1,11,"[104, 332, 15, 22, 41, 40, 195, 232, 20, 75, 23]",11,7,20,448,39.541041482789055,[],1
5,12,0.1,11,"[104, 332, 15, 22, 41, 40, 195, 232, 20, 75, 23]",11,8,17,465,41.04148278905561,[],1
5,12,0.1,11,"[104, 332, 15, 22, 41, 40, 195, 232, 20, 75, 23]",11,9,6,471,41.57105030891439,[],1
5,12,0.1,11,"[104, 332, 15, 22, 41, 40, 195, 232, 20, 75, 23]",11,10,0,471,41.57105030891439,[],1
4,12,0.1,1,[104],1,1,8,9,0.7943512797881729,[],1
4,12,0.1,1,[104],1,2,15,24,2.118270079435128,[],1
4,12,0.1,1,[104],1,3,21,45,3.971756398940865,[],1
4,12,0.1,1,[104],1,4,29,74,6.531332744924978,[],1
4,12,0.1,1,[104],1,5,36,110,9.70873786407767,[],1
4,12,0.1,1,[104],1,6,38,148,13.062665489849955,[],1
4,12,0.1,1,[104],1,7,49,197,17.387466902030006,[],1
4,12,0.1,1,[104],1,8,46,243,21.44748455428067,[],1
4,12,0.1,1,[104],1,9,34,277,24.44836716681377,[],1
4,12,0.1,1,[104],1,10,22,299,26.3901147396293,[],1
4,12,0.1,1,[104],1,11,17,316,27.890556045895853,[],1
4,12,0.1,1,[104],1,12,15,331,29.21447484554281,[],1
4,12,0.1,1,[104],1,13,5,336,29.655781112091788,[],1
4,12,0.1,1,[104],1,14,2,338,29.832303618711386,[],1
4,12,0.1,1,[104],1,15,0,338,29.832303618711386,[],1
4,12,0.1,1,[428],2,16,0,339,29.92056487202118,[],1
4,12,0.1,1,[218],3,17,0,340,30.008826125330977,[],1
4,12,0.1,1,[340],4,18,1,342,30.185348631950575,[],1
4,12,0.1,1,[340],4,19,7,349,30.803177405119154,[],1
4,12,0.1,1,[340],4,20,6,355,31.332744924977934,[],1
4,12,0.1,1,[340],4,21,2,357,31.509267431597525,[],1
4,12,0.1,1,[340],4,22,0,357,31.509267431597525,[],1
4,12,0.1,1,[459],5,23,0,358,31.597528684907328,[],1
4,12,0.1,1,[195],6,24,5,364,32.12709620476611,[],1
4,12,0.1,1,[195],6,25,1,365,32.21535745807591,[],1
4,12,0.1,1,[195],6,26,0,365,32.21535745807591,[],1
4,12,0.1,1,[774],7,27,0,366,32.3036187113857,[],1
4,12,0.1,1,[214],8,28,3,370,32.65666372462489,[],1
4,12,0.1,1,[214],8,29,2,372,32.83318623124448,[],1
4,12,0.1,1,[214],8,30,1,373,32.92144748455428,[],1
4,12,0.1,1,[214],8,31,0,373,32.92144748455428,[],1
4,12,0.1,1,[105],9,32,0,374,33.00970873786408,[],1
4,12,0.1,1,[597],10,33,1,376,33.18623124448367,[],1
4,12,0.1,1,[597],10,34,2,378,33.36275375110326,[],1
4,12,0.1,1,[597],10,35,1,379,33.451015004413065,[],1
4,12,0.1,1,[597],10,36,1,380,33.53927625772286,[],1
4,12,0.1,1,[597],10,37,0,380,33.53927625772286,[],1
4,12,0.1,1,[353],11,38,0,381,33.627537511032656,[],1
4,12,0.1,2,"[104, 332]",2,1,12,14,1.235657546337158,[],1
4,12,0.1,2,"[104, 332]",2,2,18,32,2.824360105913504,[],1
4,12,0.1,2,"[104, 332]",2,3,21,53,4.677846425419241,[],1
4,12,0.1,2,"[104, 332]",2,4,36,89,7.855251544571932,[],1
4,12,0.1,2,"[104, 332]",2,5,41,130,11.47396293027361,[],1
4,12,0.1,2,"[104, 332]",2,6,44,174,15.35745807590468,[],1
4,12,0.1,2,"[104, 332]",2,7,43,217,19.152691968225948,[],1
4,12,0.1,2,"[104, 332]",2,8,42,259,22.859664607237423,[],1
4,12,0.1,2,"[104, 332]",2,9,31,290,25.59576345984113,[],1
4,12,0.1,2,"[104, 332]",2,10,24,314,27.714033539276254,[],1
4,12,0.1,2,"[104, 332]",2,11,15,329,29.037952338923212,[],1
4,12,0.1,2,"[104, 332]",2,12,7,336,29.655781112091788,[],1
4,12,0.1,2,"[104, 332]",2,13,2,338,29.832303618711386,[],1
4,12,0.1,2,"[104, 332]",2,14,0,338,29.832303618711386,[],1
4,12,0.1,2,"[428, 218]",4,15,0,340,30.008826125330977,[],1
4,12,0.1,2,"[340, 459]",6,16,1,343,30.27360988526037,[],1
4,12,0.1,2,"[340, 459]",6,17,12,355,31.332744924977934,[],1
4,12,0.1,2,"[340, 459]",6,18,6,361,31.862312444836714,[],1
4,12,0.1,2,"[340, 459]",6,19,2,363,32.038834951456316,[],1
4,12,0.1,2,"[340, 459]",6,20,0,363,32.038834951456316,[],1
4,12,0.1,2,"[195, 774]",8,21,0,365,32.21535745807591,[],1
4,12,0.1,2,"[214, 105]",10,22,4,371,32.74492497793469,[],1
4,12,0.1,2,"[214, 105]",10,23,3,374,33.00970873786408,[],1
4,12,0.1,2,"[214, 105]",10,24,2,376,33.18623124448367,[],1
4,12,0.1,2,"[214, 105]",10,25,1,377,33.27449249779347,[],1
4,12,0.1,2,"[214, 105]",10,26,1,378,33.36275375110326,[],1
4,12,0.1,2,"[214, 105]",10,27,0,378,33.36275375110326,[],1
4,12,0.1,1,[597],11,28,0,379,33.451015004413065,[],1
4,12,0.1,4,"[104, 332, 15, 22]",4,1,18,22,1.9417475728155338,[],1
4,12,0.1,4,"[104, 332, 15, 22]",4,2,27,49,4.324801412180053,[],1
4,12,0.1,4,"[104, 332, 15, 22]",4,3,33,82,7.237422771403354,[],1
4,12,0.1,4,"[104, 332, 15, 22]",4,4,55,137,12.09179170344219,[],1
4,12,0.1,4,"[104, 332, 15, 22]",4,5,64,201,17.740511915269195,[],1
4,12,0.1,4,"[104, 332, 15, 22]",4,6,48,249,21.977052074139454,[],1
4,12,0.1,4,"[104, 332, 15, 22]",4,7,42,291,25.684024713150926,[],1
4,12,0.1,4,"[104, 332, 15, 22]",4,8,24,315,27.802294792586054,[],1
4,12,0.1,4,"[104, 332, 15, 22]",4,9,12,327,28.86142983230362,[],1
4,12,0.1,4,"[104, 332, 15, 22]",4,10,6,333,29.3909973521624,[],1
4,12,0.1,4,"[104, 332, 15, 22]",4,11,3,336,29.655781112091788,[],1
4,12,0.1,4,"[104, 332, 15, 22]",4,12,1,337,29.74404236540159,[],1
4,12,0.1,4,"[104, 332, 15, 22]",4,13,1,338,29.832303618711386,[],1
4,12,0.1,4,"[104, 332, 15, 22]",4,14,0,338,29.832303618711386,[],1
4,12,0.1,4,"[428, 218, 340, 459]",8,15,0,342,30.185348631950575,[],1
4,12,0.1,3,"[353, 195, 774]",11,16,13,358,31.597528684907328,[],1
4,12,0.1,3,"[353, 195, 774]",11,17,13,371,32.74492497793469,[],1
4,12,0.1,3,"[353, 195, 774]",11,18,3,374,33.00970873786408,[],1
4,12,0.1,3,"[353, 195, 774]",11,19,0,374,33.00970873786408,[],1
4,12,0.1,8,"[104, 332, 15, 22, 41, 40, 195, 232]",8,1,37,45,3.971756398940865,[],1
4,12,0.1,8,"[104, 332, 15, 22, 41, 40, 195, 232]",8,2,56,101,8.914386584289497,[],1
4,12,0.1,8,"[104, 332, 15, 22, 41, 40, 195, 232]",8,3,56,157,13.857016769638127,[],1
4,12,0.1,8,"[104, 332, 15, 22, 41, 40, 195, 232]",8,4,63,220,19.41747572815534,[],1
4,12,0.1,8,"[104, 332, 15, 22, 41, 40, 195, 232]",8,5,52,272,24.007060900264783,[],1
4,12,0.1,8,"[104, 332, 15, 22, 41, 40, 195, 232]",8,6,31,303,26.74315975286849,[],1
4,12,0.1,8,"[104, 332, 15, 22, 41, 40, 195, 232]",8,7,18,321,28.331862312444837,[],1
4,12,0.1,8,"[104, 332, 15, 22, 41, 40, 195, 232]",8,8,7,328,28.949691085613416,[],1
4,12,0.1,8,"[104, 332, 15, 22, 41, 40, 195, 232]",8,9,4,332,29.302736098852606,[],1
4,12,0.1,8,"[104, 332, 15, 22, 41, 40, 195, 232]",8,10,3,335,29.567519858781992,[],1
4,12,0.1,8,"[104, 332, 15, 22, 41, 40, 195, 232]",8,11,3,338,29.832303618711386,[],1
4,12,0.1,8,"[104, 332, 15, 22, 41, 40, 195, 232]",8,12,1,339,29.92056487202118,[],1
4,12,0.1,8,"[104, 332, 15, 22, 41, 40, 195, 232]",8,13,1,340,30.008826125330977,[],1
4,12,0.1,8,"[104, 332, 15, 22, 41, 40, 195, 232]",8,14,0,340,30.008826125330977,[],1
4,12,0.1,3,"[428, 218, 340]",11,15,0,343,30.27360988526037,[],1
4,12,0.1,11,"[104, 332, 15, 22, 41, 40, 195, 232, 20, 75, 23]",11,1,45,56,4.942630185348632,[],1
4,12,0.1,11,"[104, 332, 15, 22, 41, 40, 195, 232, 20, 75, 23]",11,2,61,117,10.326566637246248,[],1
4,12,0.1,11,"[104, 332, 15, 22, 41, 40, 195, 232, 20, 75, 23]",11,3,63,180,15.88702559576346,[],1
4,12,0.1,11,"[104, 332, 15, 22, 41, 40, 195, 232, 20, 75, 23]",11,4,61,241,21.270962047661076,[],1
4,12,0.1,11,"[104, 332, 15, 22, 41, 40, 195, 232, 20, 75, 23]",11,5,47,288,25.419240953221532,[],1
4,12,0.1,11,"[104, 332, 15, 22, 41, 40, 195, 232, 20, 75, 23]",11,6,25,313,27.62577228596646,[],1
4,12,0.1,11,"[104, 332, 15, 22, 41, 40, 195, 232, 20, 75, 23]",11,7,9,322,28.420123565754636,[],1
4,12,0.1,11,"[104, 332, 15, 22, 41, 40, 195, 232, 20, 75, 23]",11,8,6,328,28.949691085613416,[],1
4,12,0.1,11,"[104, 332, 15, 22, 41, 40, 195, 232, 20, 75, 23]",11,9,4,332,29.302736098852606,[],1
4,12,0.1,11,"[104, 332, 15, 22, 41, 40, 195, 232, 20, 75, 23]",11,10,3,335,29.567519858781992,[],1
4,12,0.1,11,"[104, 332, 15, 22, 41, 40, 195, 232, 20, 75, 23]",11,11,3,338,29.832303618711386,[],1
4,12,0.1,11,"[104, 332, 15, 22, 41, 40, 195, 232, 20, 75, 23]",11,12,1,339,29.92056487202118,[],1
4,12,0.1,11,"[104, 332, 15, 22, 41, 40, 195, 232, 20, 75, 23]",11,13,1,340,30.008826125330977,[],1
4,12,0.1,11,"[104, 332, 15, 22, 41, 40, 195, 232, 20, 75, 23]",11,14,0,340,30.008826125330977,[],1
6,12,0.1,1,[104],1,1,8,9,0.7943512797881729,[],1
6,12,0.1,1,[104],1,2,20,29,2.559576345984113,[],1
6,12,0.1,1,[104],1,3,33,62,5.472197705207414,[],1
6,12,0.1,1,[104],1,4,46,108,9.532215357458076,[],1
6,12,0.1,1,[104],1,5,56,164,14.474845542806708,[],1
6,12,0.1,1,[104],1,6,54,218,19.240953221535744,[],1
6,12,0.1,1,[104],1,7,39,257,22.68314210061783,[],1
6,12,0.1,1,[104],1,8,30,287,25.330979699911737,[],1
6,12,0.1,1,[104],1,9,13,300,26.478375992939103,[],1
6,12,0.1,1,[104],1,10,5,305,26.919682259488088,[],1
6,12,0.1,1,[104],1,11,1,306,27.007943512797883,[],1
6,12,0.1,1,[104],1,12,0,306,27.007943512797883,[],1
6,12,0.1,1,[23],2,13,0,307,27.09620476610768,[],1
6,12,0.1,1,[133],3,14,3,311,27.449249779346868,[],1
6,12,0.1,1,[133],3,15,4,315,27.802294792586054,[],1
6,12,0.1,1,[133],3,16,4,319,28.155339805825243,[],1
6,12,0.1,1,[133],3,17,0,319,28.155339805825243,[],1
6,12,0.1,1,[182],4,18,0,320,28.243601059135038,[],1
6,12,0.1,1,[340],5,19,2,323,28.508384819064432,[],1
6,12,0.1,1,[340],5,20,2,325,28.684907325684023,[],1
6,12,0.1,1,[340],5,21,4,329,29.037952338923212,[],1
6,12,0.1,1,[340],5,22,3,332,29.302736098852606,[],1
6,12,0.1,1,[340],5,23,3,335,29.567519858781992,[],1
6,12,0.1,1,[340],5,24,4,339,29.92056487202118,[],1
6,12,0.1,1,[340],5,25,1,340,30.008826125330977,[],1
6,12,0.1,1,[340],5,26,0,340,30.008826125330977,[],1
6,12,0.1,1,[433],6,27,0,341,30.097087378640776,[],1
6,12,0.1,1,[57],7,28,0,342,30.185348631950575,[],1
6,12,0.1,1,[482],8,29,0,343,30.27360988526037,[],1
6,12,0.1,1,[375],9,30,1,345,30.450132391879965,[],1
6,12,0.1,1,[375],9,31,2,347,30.62665489849956,[],1
6,12,0.1,1,[375],9,32,0,347,30.62665489849956,[],1
6,12,0.1,1,[13],10,33,0,348,30.71491615180936,[],1
6,12,0.1,1,[298],11,34,1,350,30.89143865842895,[],1
6,12,0.1,1,[298],11,35,6,356,31.42100617828773,[],1
6,12,0.1,1,[298],11,36,7,363,32.038834951456316,[],1
6,12,0.1,1,[298],11,37,2,365,32.21535745807591,[],1
6,12,0.1,1,[298],11,38,0,365,32.21535745807591,[],1
6,12,0.1,2,"[104, 332]",2,1,17,19,1.6769638128861428,[],1
6,12,0.1,2,"[104, 332]",2,2,31,50,4.41306266548985,[],1
6,12,0.1,2,"[104, 332]",2,3,48,98,8.649602824360105,[],1
6,12,0.1,2,"[104, 332]",2,4,50,148,13.062665489849955,[],1
6,12,0.1,2,"[104, 332]",2,5,49,197,17.387466902030006,[],1
6,12,0.1,2,"[104, 332]",2,6,52,249,21.977052074139454,[],1
6,12,0.1,2,"[104, 332]",2,7,26,275,24.271844660194176,[],1
6,12,0.1,2,"[104, 332]",2,8,17,292,25.77228596646072,[],1
6,12,0.1,2,"[104, 332]",2,9,10,302,26.654898499558694,[],1
6,12,0.1,2,"[104, 332]",2,10,3,305,26.919682259488088,[],1
6,12,0.1,2,"[104, 332]",2,11,1,306,27.007943512797883,[],1
6,12,0.1,2,"[104, 332]",2,12,0,306,27.007943512797883,[],1
6,12,0.1,2,"[23, 133]",4,13,0,308,27.184466019417474,[],1
6,12,0.1,2,"[182, 340]",6,14,5,315,27.802294792586054,[],1
6,12,0.1,2,"[182, 340]",6,15,9,324,28.596646072374227,[],1
6,12,0.1,2,"[182, 340]",6,16,5,329,29.037952338923212,[],1
6,12,0.1,2,"[182, 340]",6,17,3,332,29.302736098852606,[],1
6,12,0.1,2,"[182, 340]",6,18,3,335,29.567519858781992,[],1
6,12,0.1,2,"[182, 340]",6,19,4,339,29.92056487202118,[],1
6,12,0.1,2,"[182, 340]",6,20,1,340,30.008826125330977,[],1
6,12,0.1,2,"[182, 340]",6,21,0,340,30.008826125330977,[],1
6,12,0.1,2,"[433, 57]",8,22,0,342,30.185348631950575,[],1
6,12,0.1,2,"[482, 375]",10,23,0,344,30.36187113857017,[],1
6,12,0.1,1,[13],11,24,3,348,30.71491615180936,[],1
6,12,0.1,1,[13],11,25,1,349,30.803177405119154,[],1
6,12,0.1,1,[13],11,26,2,351,30.979699911738745,[],1
6,12,0.1,1,[13],11,27,2,353,31.156222418358343,[],1
6,12,0.1,1,[13],11,28,2,355,31.332744924977934,[],1
6,12,0.1,1,[13],11,29,0,355,31.332744924977934,[],1
6,12,0.1,4,"[104, 332, 15, 22]",4,1,23,27,2.383053839364519,[],1
6,12,0.1,4,"[104, 332, 15, 22]",4,2,32,59,5.207413945278023,[],1
6,12,0.1,4,"[104, 332, 15, 22]",4,3,46,105,9.267431597528685,[],1
6,12,0.1,4,"[104, 332, 15, 22]",4,4,56,161,14.210061782877318,[],1
6,12,0.1,4,"[104, 332, 15, 22]",4,5,52,213,18.79964695498676,[],1
6,12,0.1,4,"[104, 332, 15, 22]",4,6,43,256,22.594880847308033,[],1
6,12,0.1,4,"[104, 332, 15, 22]",4,7,22,278,24.536628420123566,[],1
6,12,0.1,4,"[104, 332, 15, 22]",4,8,14,292,25.77228596646072,[],1
6,12,0.1,4,"[104, 332, 15, 22]",4,9,10,302,26.654898499558694,[],1
6,12,0.1,4,"[104, 332, 15, 22]",4,10,3,305,26.919682259488088,[],1
6,12,0.1,4,"[104, 332, 15, 22]",4,11,1,306,27.007943512797883,[],1
6,12,0.1,4,"[104, 332, 15, 22]",4,12,0,306,27.007943512797883,[],1
6,12,0.1,4,"[23, 133, 182, 340]",8,13,0,310,27.360988526037072,[],1
6,12,0.1,3,"[433, 482, 9]",11,14,9,322,28.420123565754636,[],1
6,12,0.1,3,"[433, 482, 9]",11,15,11,333,29.3909973521624,[],1
6,12,0.1,3,"[433, 482, 9]",11,16,4,337,29.74404236540159,[],1
6,12,0.1,3,"[433, 482, 9]",11,17,3,340,30.008826125330977,[],1
6,12,0.1,3,"[433, 482, 9]",11,18,4,344,30.36187113857017,[],1
6,12,0.1,3,"[433, 482, 9]",11,19,1,345,30.450132391879965,[],1
6,12,0.1,3,"[433, 482, 9]",11,20,0,345,30.450132391879965,[],1
6,12,0.1,8,"[104, 332, 15, 22, 41, 40, 195, 232]",8,1,43,51,4.501323918799647,[],1
6,12,0.1,8,"[104, 332, 15, 22, 41, 40, 195, 232]",8,2,50,101,8.914386584289497,[],1
6,12,0.1,8,"[104, 332, 15, 22, 41, 40, 195, 232]",8,3,59,160,14.121800529567519,[],1
6,12,0.1,8,"[104, 332, 15, 22, 41, 40, 195, 232]",8,4,52,212,18.711385701676964,[],1
6,12,0.1,8,"[104, 332, 15, 22, 41, 40, 195, 232]",8,5,42,254,22.41835834068844,[],1
6,12,0.1,8,"[104, 332, 15, 22, 41, 40, 195, 232]",8,6,24,278,24.536628420123566,[],1
6,12,0.1,8,"[104, 332, 15, 22, 41, 40, 195, 232]",8,7,17,295,26.037069726390115,[],1
6,12,0.1,8,"[104, 332, 15, 22, 41, 40, 195, 232]",8,8,6,301,26.5666372462489,[],1
6,12,0.1,8,"[104, 332, 15, 22, 41, 40, 195, 232]",8,9,4,305,26.919682259488088,[],1
6,12,0.1,8,"[104, 332, 15, 22, 41, 40, 195, 232]",8,10,1,306,27.007943512797883,[],1
6,12,0.1,8,"[104, 332, 15, 22, 41, 40, 195, 232]",8,11,0,306,27.007943512797883,[],1
6,12,0.1,3,"[23, 133, 182]",11,12,0,309,27.27272727272727,[],1
6,12,0.1,11,"[104, 332, 15, 22, 41, 40, 195, 232, 20, 75, 23]",11,1,54,65,5.736981465136805,[],1
6,12,0.1,11,"[104, 332, 15, 22, 41, 40, 195, 232, 20, 75, 23]",11,2,61,126,11.120917917034422,[],1
6,12,0.1,11,"[104, 332, 15, 22, 41, 40, 195, 232, 20, 75, 23]",11,3,68,194,17.122683142100616,[],1
6,12,0.1,11,"[104, 332, 15, 22, 41, 40, 195, 232, 20, 75, 23]",11,4,51,245,21.624007060900265,[],1
6,12,0.1,11,"[104, 332, 15, 22, 41, 40, 195, 232, 20, 75, 23]",11,5,33,278,24.536628420123566,[],1
6,12,0.1,11,"[104, 332, 15, 22, 41, 40, 195, 232, 20, 75, 23]",11,6,22,300,26.478375992939103,[],1
6,12,0.1,11,"[104, 332, 15, 22, 41, 40, 195, 232, 20, 75, 23]",11,7,11,311,27.449249779346868,[],1
6,12,0.1,11,"[104, 332, 15, 22, 41, 40, 195, 232, 20, 75, 23]",11,8,2,313,27.62577228596646,[],1
6,12,0.1,11,"[104, 332, 15, 22, 41, 40, 195, 232, 20, 75, 23]",11,9,0,313,27.62577228596646,[],1
7,12,0.1,1,[104],1,1,4,5,0.44130626654898497,[],1
7,12,0.1,1,[104],1,2,1,6,0.529567519858782,[],1
7,12,0.1,1,[104],1,3,3,9,0.7943512797881729,[],1
7,12,0.1,1,[104],1,4,7,16,1.412180052956752,[],1
7,12,0.1,1,[104],1,5,13,29,2.559576345984113,[],1
7,12,0.1,1,[104],1,6,26,55,4.854368932038835,[],1
7,12,0.1,1,[104],1,7,40,95,8.384819064430715,[],1
7,12,0.1,1,[104],1,8,42,137,12.09179170344219,[],1
7,12,0.1,1,[104],1,9,55,192,16.946160635481025,[],1
7,12,0.1,1,[104],1,10,61,253,22.330097087378643,[],1
7,12,0.1,1,[104],1,11,49,302,26.654898499558694,[],1
7,12,0.1,1,[104],1,12,28,330,29.126213592233007,[],1
7,12,0.1,1,[104],1,13,21,351,30.979699911738745,[],1
7,12,0.1,1,[104],1,14,7,358,31.597528684907328,[],1
7,12,0.1,1,[104],1,15,4,362,31.950573698146513,[],1
7,12,0.1,1,[104],1,16,1,363,32.038834951456316,[],1
7,12,0.1,1,[104],1,17,0,363,32.038834951456316,[],1
7,12,0.1,1,[182],2,18,0,364,32.12709620476611,[],1
7,12,0.1,1,[22],3,19,2,367,32.3918799646955,[],1
7,12,0.1,1,[22],3,20,0,367,32.3918799646955,[],1
7,12,0.1,1,[13],4,21,0,368,32.4801412180053,[],1
7,12,0.1,1,[433],5,22,0,369,32.568402471315096,[],1
7,12,0.1,1,[482],6,23,4,374,33.00970873786408,[],1
7,12,0.1,1,[482],6,24,8,382,33.71579876434245,[],1
7,12,0.1,1,[482],6,25,5,387,34.15710503089144,[],1
7,12,0.1,1,[482],6,26,4,391,34.510150044130626,[],1
7,12,0.1,1,[482],6,27,1,392,34.59841129744042,[],1
7,12,0.1,1,[482],6,28,1,393,34.68667255075022,[],1
7,12,0.1,1,[482],6,29,0,393,34.68667255075022,[],1
7,12,0.1,1,[453],7,30,0,394,34.77493380406001,[],1
7,12,0.1,1,[20],8,31,2,397,35.039717563989406,[],1
7,12,0.1,1,[20],8,32,5,402,35.48102383053839,[],1
7,12,0.1,1,[20],8,33,4,406,35.83406884377759,[],1
7,12,0.1,1,[20],8,34,1,407,35.92233009708738,[],1
7,12,0.1,1,[20],8,35,0,407,35.92233009708738,[],1
7,12,0.1,1,[553],9,36,0,408,36.01059135039718,[],1
7,12,0.1,1,[130],10,37,2,411,36.27537511032657,[],1
7,12,0.1,1,[130],10,38,2,413,36.45189761694616,[],1
7,12,0.1,1,[130],10,39,2,415,36.62842012356575,[],1
7,12,0.1,1,[130],10,40,0,415,36.62842012356575,[],1
7,12,0.1,1,[494],11,41,0,416,36.716681376875556,[],1
7,12,0.1,2,"[104, 332]",2,1,11,13,1.1473962930273611,[],1
7,12,0.1,2,"[104, 332]",2,2,14,27,2.383053839364519,[],1
7,12,0.1,2,"[104, 332]",2,3,28,55,4.854368932038835,[],1
7,12,0.1,2,"[104, 332]",2,4,40,95,8.384819064430715,[],1
7,12,0.1,2,"[104, 332]",2,5,42,137,12.09179170344219,[],1
7,12,0.1,2,"[104, 332]",2,6,55,192,16.946160635481025,[],1
7,12,0.1,2,"[104, 332]",2,7,61,253,22.330097087378643,[],1
7,12,0.1,2,"[104, 332]",2,8,49,302,26.654898499558694,[],1
7,12,0.1,2,"[104, 332]",2,9,28,330,29.126213592233007,[],1
7,12,0.1,2,"[104, 332]",2,10,21,351,30.979699911738745,[],1
7,12,0.1,2,"[104, 332]",2,11,7,358,31.597528684907328,[],1
7,12,0.1,2,"[104, 332]",2,12,4,362,31.950573698146513,[],1
7,12,0.1,2,"[104, 332]",2,13,1,363,32.038834951456316,[],1
7,12,0.1,2,"[104, 332]",2,14,0,363,32.038834951456316,[],1
7,12,0.1,2,"[182, 22]",4,15,0,365,32.21535745807591,[],1
7,12,0.1,2,"[13, 433]",6,16,2,369,32.568402471315096,[],1
7,12,0.1,2,"[13, 433]",6,17,4,373,32.92144748455428,[],1
7,12,0.1,2,"[13, 433]",6,18,7,380,33.53927625772286,[],1
7,12,0.1,2,"[13, 433]",6,19,3,383,33.80406001765225,[],1
7,12,0.1,2,"[13, 433]",6,20,4,387,34.15710503089144,[],1
7,12,0.1,2,"[13, 433]",6,21,1,388,34.24536628420123,[],1
7,12,0.1,2,"[13, 433]",6,22,1,389,34.33362753751103,[],1
7,12,0.1,2,"[13, 433]",6,23,0,389,34.33362753751103,[],1
7,12,0.1,2,"[482, 453]",8,24,0,391,34.510150044130626,[],1
7,12,0.1,2,"[20, 92]",10,25,2,395,34.863195057369815,[],1
7,12,0.1,2,"[20, 92]",10,26,7,402,35.48102383053839,[],1
7,12,0.1,2,"[20, 92]",10,27,4,406,35.83406884377759,[],1
7,12,0.1,2,"[20, 92]",10,28,1,407,35.92233009708738,[],1
7,12,0.1,2,"[20, 92]",10,29,0,407,35.92233009708738,[],1
7,12,0.1,1,[553],11,30,0,408,36.01059135039718,[],1
7,12,0.1,4,"[104, 332, 15, 22]",4,1,24,28,2.471315092674316,[],1
7,12,0.1,4,"[104, 332, 15, 22]",4,2,30,58,5.119152691968226,[],1
7,12,0.1,4,"[104, 332, 15, 22]",4,3,51,109,9.620476610767872,[],1
7,12,0.1,4,"[104, 332, 15, 22]",4,4,75,184,16.24007060900265,[],1
7,12,0.1,4,"[104, 332, 15, 22]",4,5,72,256,22.594880847308033,[],1
7,12,0.1,4,"[104, 332, 15, 22]",4,6,49,305,26.919682259488088,[],1
7,12,0.1,4,"[104, 332, 15, 22]",4,7,34,339,29.92056487202118,[],1
7,12,0.1,4,"[104, 332, 15, 22]",4,8,18,357,31.509267431597525,[],1
7,12,0.1,4,"[104, 332, 15, 22]",4,9,2,359,31.685789938217123,[],1
7,12,0.1,4,"[104, 332, 15, 22]",4,10,2,361,31.862312444836714,[],1
7,12,0.1,4,"[104, 332, 15, 22]",4,11,2,363,32.038834951456316,[],1
7,12,0.1,4,"[104, 332, 15, 22]",4,12,1,364,32.12709620476611,[],1
7,12,0.1,4,"[104, 332, 15, 22]",4,13,0,364,32.12709620476611,[],1
7,12,0.1,4,"[182, 13, 433, 298]",8,14,0,368,32.4801412180053,[],1
7,12,0.1,3,"[453, 482, 92]",11,15,7,378,33.36275375110326,[],1
7,12,0.1,3,"[453, 482, 92]",11,16,9,387,34.15710503089144,[],1
7,12,0.1,3,"[453, 482, 92]",11,17,6,393,34.68667255075022,[],1
7,12,0.1,3,"[453, 482, 92]",11,18,5,398,35.1279788172992,[],1
7,12,0.1,3,"[453, 482, 92]",11,19,1,399,35.216240070609004,[],1
7,12,0.1,3,"[453, 482, 92]",11,20,1,400,35.3045013239188,[],1
7,12,0.1,3,"[453, 482, 92]",11,21,0,400,35.3045013239188,[],1
7,12,0.1,8,"[104, 332, 15, 22, 41, 40, 195, 232]",8,1,37,45,3.971756398940865,[],1
7,12,0.1,8,"[104, 332, 15, 22, 41, 40, 195, 232]",8,2,49,94,8.296557811120918,[],1
7,12,0.1,8,"[104, 332, 15, 22, 41, 40, 195, 232]",8,3,64,158,13.945278022947926,[],1
7,12,0.1,8,"[104, 332, 15, 22, 41, 40, 195, 232]",8,4,75,233,20.5648720211827,[],1
7,12,0.1,8,"[104, 332, 15, 22, 41, 40, 195, 232]",8,5,56,289,25.507502206531335,[],1
7,12,0.1,8,"[104, 332, 15, 22, 41, 40, 195, 232]",8,6,42,331,29.21447484554281,[],1
7,12,0.1,8,"[104, 332, 15, 22, 41, 40, 195, 232]",8,7,25,356,31.42100617828773,[],1
7,12,0.1,8,"[104, 332, 15, 22, 41, 40, 195, 232]",8,8,7,363,32.038834951456316,[],1
7,12,0.1,8,"[104, 332, 15, 22, 41, 40, 195, 232]",8,9,1,364,32.12709620476611,[],1
7,12,0.1,8,"[104, 332, 15, 22, 41, 40, 195, 232]",8,10,0,364,32.12709620476611,[],1
7,12,0.1,3,"[182, 13, 433]",11,11,0,367,32.3918799646955,[],1
7,12,0.1,11,"[104, 332, 15, 22, 41, 40, 195, 232, 20, 75, 23]",11,1,56,67,5.913503971756398,[],1
7,12,0.1,11,"[104, 332, 15, 22, 41, 40, 195, 232, 20, 75, 23]",11,2,69,136,12.003530450132391,[],1
7,12,0.1,11,"[104, 332, 15, 22, 41, 40, 195, 232, 20, 75, 23]",11,3,72,208,18.358340688437778,[],1
7,12,0.1,11,"[104, 332, 15, 22, 41, 40, 195, 232, 20, 75, 23]",11,4,66,274,24.18358340688438,[],1
7,12,0.1,11,"[104, 332, 15, 22, 41, 40, 195, 232, 20, 75, 23]",11,5,46,320,28.243601059135038,[],1
7,12,0.1,11,"[104, 332, 15, 22, 41, 40, 195, 232, 20, 75, 23]",11,6,34,354,31.24448367166814,[],1
7,12,0.1,11,"[104, 332, 15, 22, 41, 40, 195, 232, 20, 75, 23]",11,7,13,367,32.3918799646955,[],1
7,12,0.1,11,"[104, 332, 15, 22, 41, 40, 195, 232, 20, 75, 23]",11,8,4,371,32.74492497793469,[],1
7,12,0.1,11,"[104, 332, 15, 22, 41, 40, 195, 232, 20, 75, 23]",11,9,1,372,32.83318623124448,[],1
7,12,0.1,11,"[104, 332, 15, 22, 41, 40, 195, 232, 20, 75, 23]",11,10,0,372,32.83318623124448,[],1
10,12,0.1,1,[104],1,1,4,5,0.44130626654898497,[],1
10,12,0.1,1,[104],1,2,2,7,0.617828773168579,[],1
10,12,0.1,1,[104],1,3,7,14,1.235657546337158,[],1
10,12,0.1,1,[104],1,4,4,18,1.5887025595763458,[],1
10,12,0.1,1,[104],1,5,5,23,2.0300088261253313,[],1
10,12,0.1,1,[104],1,6,7,30,2.64783759929391,[],1
10,12,0.1,1,[104],1,7,17,47,4.148278905560459,[],1
10,12,0.1,1,[104],1,8,22,69,6.090026478375993,[],1
10,12,0.1,1,[104],1,9,34,103,9.090909090909092,[],1
10,12,0.1,1,[104],1,10,42,145,12.797881729920565,[],1
10,12,0.1,1,[104],1,11,56,201,17.740511915269195,[],1
10,12,0.1,1,[104],1,12,50,251,22.15357458075905,[],1
10,12,0.1,1,[104],1,13,48,299,26.3901147396293,[],1
10,12,0.1,1,[104],1,14,30,329,29.037952338923212,[],1
10,12,0.1,1,[104],1,15,22,351,30.979699911738745,[],1
10,12,0.1,1,[104],1,16,12,363,32.038834951456316,[],1
10,12,0.1,1,[104],1,17,9,372,32.83318623124448,[],1
10,12,0.1,1,[104],1,18,7,379,33.451015004413065,[],1
10,12,0.1,1,[104],1,19,4,383,33.80406001765225,[],1
10,12,0.1,1,[104],1,20,2,385,33.980582524271846,[],1
10,12,0.1,1,[104],1,21,2,387,34.15710503089144,[],1
10,12,0.1,1,[104],1,22,1,388,34.24536628420123,[],1
10,12,0.1,1,[104],1,23,0,388,34.24536628420123,[],1
10,12,0.1,1,[22],2,24,0,389,34.33362753751103,[],1
10,12,0.1,1,[577],3,25,2,392,34.59841129744042,[],1
10,12,0.1,1,[577],3,26,2,394,34.77493380406001,[],1
10,12,0.1,1,[577],3,27,1,395,34.863195057369815,[],1
10,12,0.1,1,[577],3,28,0,395,34.863195057369815,[],1
10,12,0.1,1,[375],4,29,0,396,34.95145631067961,[],1
10,12,0.1,1,[13],5,30,2,399,35.216240070609004,[],1
10,12,0.1,1,[13],5,31,2,401,35.392762577228595,[],1
10,12,0.1,1,[13],5,32,1,402,35.48102383053839,[],1
10,12,0.1,1,[13],5,33,0,402,35.48102383053839,[],1
10,12,0.1,1,[587],6,34,0,403,35.56928508384819,[],1
10,12,0.1,1,[354],7,35,0,404,35.65754633715799,[],1
10,12,0.1,1,[453],8,36,0,405,35.745807590467784,[],1
10,12,0.1,1,[611],9,37,2,408,36.01059135039718,[],1
10,12,0.1,1,[611],9,38,3,411,36.27537511032657,[],1
10,12,0.1,1,[611],9,39,1,412,36.36363636363637,[],1
10,12,0.1,1,[611],9,40,0,412,36.36363636363637,[],1
10,12,0.1,1,[181],10,41,0,413,36.45189761694616,[],1
10,12,0.1,1,[597],11,42,0,414,36.54015887025596,[],1
10,12,0.1,2,"[104, 332]",2,1,8,10,0.8826125330979699,[],1
10,12,0.1,2,"[104, 332]",2,2,7,17,1.500441306266549,[],1
10,12,0.1,2,"[104, 332]",2,3,19,36,3.1774051191526915,[],1
10,12,0.1,2,"[104, 332]",2,4,22,58,5.119152691968226,[],1
10,12,0.1,2,"[104, 332]",2,5,26,84,7.413945278022947,[],1
10,12,0.1,2,"[104, 332]",2,6,32,116,10.238305383936453,[],1
10,12,0.1,2,"[104, 332]",2,7,48,164,14.474845542806708,[],1
10,12,0.1,2,"[104, 332]",2,8,51,215,18.976169461606354,[],1
10,12,0.1,2,"[104, 332]",2,9,48,263,23.21270962047661,[],1
10,12,0.1,2,"[104, 332]",2,10,39,302,26.654898499558694,[],1
10,12,0.1,2,"[104, 332]",2,11,41,343,30.27360988526037,[],1
10,12,0.1,2,"[104, 332]",2,12,27,370,32.65666372462489,[],1
10,12,0.1,2,"[104, 332]",2,13,13,383,33.80406001765225,[],1
10,12,0.1,2,"[104, 332]",2,14,4,387,34.15710503089144,[],1
10,12,0.1,2,"[104, 332]",2,15,1,388,34.24536628420123,[],1
10,12,0.1,2,"[104, 332]",2,16,0,388,34.24536628420123,[],1
10,12,0.1,2,"[22, 577]",4,17,0,390,34.42188879082083,[],1
10,12,0.1,2,"[375, 354]",6,18,3,395,34.863195057369815,[],1
10,12,0.1,2,"[375, 354]",6,19,4,399,35.216240070609004,[],1
10,12,0.1,2,"[375, 354]",6,20,1,400,35.3045013239188,[],1
10,12,0.1,2,"[375, 354]",6,21,1,401,35.392762577228595,[],1
10,12,0.1,2,"[375, 354]",6,22,0,401,35.392762577228595,[],1
10,12,0.1,2,"[13, 587]",8,23,0,403,35.56928508384819,[],1
10,12,0.1,2,"[453, 611]",10,24,1,406,35.83406884377759,[],1
10,12,0.1,2,"[453, 611]",10,25,3,409,36.09885260370697,[],1
10,12,0.1,2,"[453, 611]",10,26,2,411,36.27537511032657,[],1
10,12,0.1,2,"[453, 611]",10,27,1,412,36.36363636363637,[],1
10,12,0.1,2,"[453, 611]",10,28,0,412,36.36363636363637,[],1
10,12,0.1,1,[181],11,29,0,413,36.45189761694616,[],1
10,12,0.1,4,"[104, 332, 15, 22]",4,1,16,20,1.7652250661959399,[],1
10,12,0.1,4,"[104, 332, 15, 22]",4,2,19,39,3.442188879082083,[],1
10,12,0.1,4,"[104, 332, 15, 22]",4,3,48,87,7.67872903795234,[],1
10,12,0.1,4,"[104, 332, 15, 22]",4,4,63,150,13.239187996469552,[],1
10,12,0.1,4,"[104, 332, 15, 22]",4,5,67,217,19.152691968225948,[],1
10,12,0.1,4,"[104, 332, 15, 22]",4,6,53,270,23.830538393645188,[],1
10,12,0.1,4,"[104, 332, 15, 22]",4,7,47,317,27.978817299205648,[],1
10,12,0.1,4,"[104, 332, 15, 22]",4,8,34,351,30.979699911738745,[],1
10,12,0.1,4,"[104, 332, 15, 22]",4,9,19,370,32.65666372462489,[],1
10,12,0.1,4,"[104, 332, 15, 22]",4,10,11,381,33.627537511032656,[],1
10,12,0.1,4,"[104, 332, 15, 22]",4,11,9,390,34.42188879082083,[],1
10,12,0.1,4,"[104, 332, 15, 22]",4,12,2,392,34.59841129744042,[],1
10,12,0.1,4,"[104, 332, 15, 22]",4,13,0,392,34.59841129744042,[],1
10,12,0.1,4,"[577, 375, 453, 13]",8,14,0,396,34.95145631067961,[],1
10,12,0.1,3,"[587, 354, 611]",11,15,6,405,35.745807590467784,[],1
10,12,0.1,3,"[587, 354, 611]",11,16,5,410,36.18711385701677,[],1
10,12,0.1,3,"[587, 354, 611]",11,17,2,412,36.36363636363637,[],1
10,12,0.1,3,"[587, 354, 611]",11,18,0,412,36.36363636363637,[],1
10,12,0.1,8,"[104, 332, 15, 22, 41, 40, 195, 232]",8,1,32,40,3.5304501323918798,[],1
10,12,0.1,8,"[104, 332, 15, 22, 41, 40, 195, 232]",8,2,36,76,6.707855251544571,[],1
10,12,0.1,8,"[104, 332, 15, 22, 41, 40, 195, 232]",8,3,67,143,12.62135922330097,[],1
10,12,0.1,8,"[104, 332, 15, 22, 41, 40, 195, 232]",8,4,66,209,18.446601941747574,[],1
10,12,0.1,8,"[104, 332, 15, 22, 41, 40, 195, 232]",8,5,54,263,23.21270962047661,[],1
10,12,0.1,8,"[104, 332, 15, 22, 41, 40, 195, 232]",8,6,37,300,26.478375992939103,[],1
10,12,0.1,8,"[104, 332, 15, 22, 41, 40, 195, 232]",8,7,36,336,29.655781112091788,[],1
10,12,0.1,8,"[104, 332, 15, 22, 41, 40, 195, 232]",8,8,23,359,31.685789938217123,[],1
10,12,0.1,8,"[104, 332, 15, 22, 41, 40, 195, 232]",8,9,14,373,32.92144748455428,[],1
10,12,0.1,8,"[104, 332, 15, 22, 41, 40, 195, 232]",8,10,8,381,33.627537511032656,[],1
10,12,0.1,8,"[104, 332, 15, 22, 41, 40, 195, 232]",8,11,9,390,34.42188879082083,[],1
10,12,0.1,8,"[104, 332, 15, 22, 41, 40, 195, 232]",8,12,2,392,34.59841129744042,[],1
10,12,0.1,8,"[104, 332, 15, 22, 41, 40, 195, 232]",8,13,0,392,34.59841129744042,[],1
10,12,0.1,3,"[577, 375, 453]",11,14,0,395,34.863195057369815,[],1
10,12,0.1,11,"[104, 332, 15, 22, 41, 40, 195, 232, 20, 75, 23]",11,1,42,53,4.677846425419241,[],1
10,12,0.1,11,"[104, 332, 15, 22, 41, 40, 195, 232, 20, 75, 23]",11,2,51,104,9.179170344218889,[],1
10,12,0.1,11,"[104, 332, 15, 22, 41, 40, 195, 232, 20, 75, 23]",11,3,74,178,15.710503089143865,[],1
10,12,0.1,11,"[104, 332, 15, 22, 41, 40, 195, 232, 20, 75, 23]",11,4,63,241,21.270962047661076,[],1
10,12,0.1,11,"[104, 332, 15, 22, 41, 40, 195, 232, 20, 75, 23]",11,5,49,290,25.59576345984113,[],1
10,12,0.1,11,"[104, 332, 15, 22, 41, 40, 195, 232, 20, 75, 23]",11,6,27,317,27.978817299205648,[],1
10,12,0.1,11,"[104, 332, 15, 22, 41, 40, 195, 232, 20, 75, 23]",11,7,27,344,30.36187113857017,[],1
10,12,0.1,11,"[104, 332, 15, 22, 41, 40, 195, 232, 20, 75, 23]",11,8,18,362,31.950573698146513,[],1
10,12,0.1,11,"[104, 332, 15, 22, 41, 40, 195, 232, 20, 75, 23]",11,9,12,374,33.00970873786408,[],1
10,12,0.1,11,"[104, 332, 15, 22, 41, 40, 195, 232, 20, 75, 23]",11,10,7,381,33.627537511032656,[],1
10,12,0.1,11,"[104, 332, 15, 22, 41, 40, 195, 232, 20, 75, 23]",11,11,9,390,34.42188879082083,[],1
10,12,0.1,11,"[104, 332, 15, 22, 41, 40, 195, 232, 20, 75, 23]",11,12,2,392,34.59841129744042,[],1
10,12,0.1,11,"[104, 332, 15, 22, 41, 40, 195, 232, 20, 75, 23]",11,13,0,392,34.59841129744042,[],1
3,12,0.1,1,[104],1,1,4,5,0.44130626654898497,[],1
3,12,0.1,1,[104],1,2,3,8,0.706090026478376,[],1
3,12,0.1,1,[104],1,3,9,17,1.500441306266549,[],1
3,12,0.1,1,[104],1,4,14,31,2.736098852603707,[],1
3,12,0.1,1,[104],1,5,27,58,5.119152691968226,[],1
3,12,0.1,1,[104],1,6,26,84,7.413945278022947,[],1
3,12,0.1,1,[104],1,7,32,116,10.238305383936453,[],1
3,12,0.1,1,[104],1,8,37,153,13.503971756398942,[],1
3,12,0.1,1,[104],1,9,44,197,17.387466902030006,[],1
3,12,0.1,1,[104],1,10,45,242,21.35922330097087,[],1
3,12,0.1,1,[104],1,11,56,298,26.301853486319505,[],1
3,12,0.1,1,[104],1,12,41,339,29.92056487202118,[],1
3,12,0.1,1,[104],1,13,21,360,31.77405119152692,[],1
3,12,0.1,1,[104],1,14,14,374,33.00970873786408,[],1
3,12,0.1,1,[104],1,15,5,379,33.451015004413065,[],1
3,12,0.1,1,[104],1,16,10,389,34.33362753751103,[],1
3,12,0.1,1,[104],1,17,6,395,34.863195057369815,[],1
3,12,0.1,1,[104],1,18,6,401,35.392762577228595,[],1
3,12,0.1,1,[104],1,19,5,406,35.83406884377759,[],1
3,12,0.1,1,[104],1,20,1,407,35.92233009708738,[],1
3,12,0.1,1,[104],1,21,1,408,36.01059135039718,[],1
3,12,0.1,1,[104],1,22,0,408,36.01059135039718,[],1
3,12,0.1,1,[459],2,23,0,409,36.09885260370697,[],1
3,12,0.1,1,[133],3,24,2,412,36.36363636363637,[],1
3,12,0.1,1,[133],3,25,6,418,36.89320388349515,[],1
3,12,0.1,1,[133],3,26,5,423,37.33451015004413,[],1
3,12,0.1,1,[133],3,27,3,426,37.59929390997352,[],1
3,12,0.1,1,[133],3,28,3,429,37.86407766990291,[],1
3,12,0.1,1,[133],3,29,1,430,37.95233892321271,[],1
3,12,0.1,1,[133],3,30,1,431,38.0406001765225,[],1
3,12,0.1,1,[133],3,31,0,431,38.0406001765225,[],1
3,12,0.1,1,[577],4,32,0,432,38.128861429832305,[],1
3,12,0.1,1,[451],5,33,1,434,38.305383936451896,[],1
3,12,0.1,1,[451],5,34,2,436,38.48190644307149,[],1
3,12,0.1,1,[451],5,35,3,439,38.74669020300088,[],1
3,12,0.1,1,[451],5,36,2,441,38.92321270962047,[],1
3,12,0.1,1,[451],5,37,1,442,39.01147396293027,[],1
3,12,0.1,1,[451],5,38,0,442,39.01147396293027,[],1
3,12,0.1,1,[482],6,39,0,443,39.09973521624007,[],1
3,12,0.1,1,[92],7,40,2,446,39.364518976169464,[],1
3,12,0.1,1,[92],7,41,5,451,39.80582524271845,[],1
3,12,0.1,1,[92],7,42,3,454,40.07060900264784,[],1
3,12,0.1,1,[92],7,43,2,456,40.24713150926743,[],1
3,12,0.1,1,[92],7,44,2,458,40.42365401588703,[],1
3,12,0.1,1,[92],7,45,0,458,40.42365401588703,[],1
3,12,0.1,1,[366],8,46,0,459,40.51191526919683,[],1
3,12,0.1,1,[71],9,47,3,463,40.86496028243601,[],1
3,12,0.1,1,[71],9,48,4,467,41.2180052956752,[],1
3,12,0.1,1,[71],9,49,1,468,41.30626654898499,[],1
3,12,0.1,1,[71],9,50,0,468,41.30626654898499,[],1
3,12,0.1,1,[597],10,51,0,469,41.394527802294796,[],1
3,12,0.1,1,[312],11,52,3,473,41.74757281553398,[],1
3,12,0.1,1,[312],11,53,1,474,41.83583406884378,[],1
3,12,0.1,1,[312],11,54,0,474,41.83583406884378,[],1
3,12,0.1,2,"[104, 332]",2,1,9,11,0.9708737864077669,[],1
3,12,0.1,2,"[104, 332]",2,2,12,23,2.0300088261253313,[],1
3,12,0.1,2,"[104, 332]",2,3,22,45,3.971756398940865,[],1
3,12,0.1,2,"[104, 332]",2,4,40,85,7.502206531332744,[],1
3,12,0.1,2,"[104, 332]",2,5,50,135,11.915269196822594,[],1
3,12,0.1,2,"[104, 332]",2,6,65,200,17.6522506619594,[],1
3,12,0.1,2,"[104, 332]",2,7,57,257,22.68314210061783,[],1
3,12,0.1,2,"[104, 332]",2,8,43,300,26.478375992939103,[],1
3,12,0.1,2,"[104, 332]",2,9,32,332,29.302736098852606,[],1
3,12,0.1,2,"[104, 332]",2,10,23,355,31.332744924977934,[],1
3,12,0.1,2,"[104, 332]",2,11,18,373,32.92144748455428,[],1
3,12,0.1,2,"[104, 332]",2,12,10,383,33.80406001765225,[],1
3,12,0.1,2,"[104, 332]",2,13,6,389,34.33362753751103,[],1
3,12,0.1,2,"[104, 332]",2,14,6,395,34.863195057369815,[],1
3,12,0.1,2,"[104, 332]",2,15,6,401,35.392762577228595,[],1
3,12,0.1,2,"[104, 332]",2,16,5,406,35.83406884377759,[],1
3,12,0.1,2,"[104, 332]",2,17,1,407,35.92233009708738,[],1
3,12,0.1,2,"[104, 332]",2,18,1,408,36.01059135039718,[],1
3,12,0.1,2,"[104, 332]",2,19,0,408,36.01059135039718,[],1
3,12,0.1,2,"[459, 133]",4,20,0,410,36.18711385701677,[],1
3,12,0.1,2,"[451, 577]",6,21,7,419,36.98146513680494,[],1
3,12,0.1,2,"[451, 577]",6,22,9,428,37.775816416593116,[],1
3,12,0.1,2,"[451, 577]",6,23,6,434,38.305383936451896,[],1
3,12,0.1,2,"[451, 577]",6,24,5,439,38.74669020300088,[],1
3,12,0.1,2,"[451, 577]",6,25,2,441,38.92321270962047,[],1
3,12,0.1,2,"[451, 577]",6,26,1,442,39.01147396293027,[],1
3,12,0.1,2,"[451, 577]",6,27,0,442,39.01147396293027,[],1
3,12,0.1,2,"[482, 92]",8,28,0,444,39.187996469549866,[],1
3,12,0.1,2,"[366, 71]",10,29,7,453,39.98234774933805,[],1
3,12,0.1,2,"[366, 71]",10,30,6,459,40.51191526919683,[],1
3,12,0.1,2,"[366, 71]",10,31,6,465,41.04148278905561,[],1
3,12,0.1,2,"[366, 71]",10,32,3,468,41.30626654898499,[],1
3,12,0.1,2,"[366, 71]",10,33,0,468,41.30626654898499,[],1
3,12,0.1,1,[597],11,34,0,469,41.394527802294796,[],1
3,12,0.1,4,"[104, 332, 15, 22]",4,1,20,24,2.118270079435128,[],1
3,12,0.1,4,"[104, 332, 15, 22]",4,2,22,46,4.060017652250663,[],1
3,12,0.1,4,"[104, 332, 15, 22]",4,3,49,95,8.384819064430715,[],1
3,12,0.1,4,"[104, 332, 15, 22]",4,4,57,152,13.415710503089143,[],1
3,12,0.1,4,"[104, 332, 15, 22]",4,5,70,222,19.593998234774933,[],1
3,12,0.1,4,"[104, 332, 15, 22]",4,6,58,280,24.71315092674316,[],1
3,12,0.1,4,"[104, 332, 15, 22]",4,7,41,321,28.331862312444837,[],1
3,12,0.1,4,"[104, 332, 15, 22]",4,8,16,337,29.74404236540159,[],1
3,12,0.1,4,"[104, 332, 15, 22]",4,9,15,352,31.06796116504854,[],1
3,12,0.1,4,"[104, 332, 15, 22]",4,10,13,365,32.21535745807591,[],1
3,12,0.1,4,"[104, 332, 15, 22]",4,11,11,376,33.18623124448367,[],1
3,12,0.1,4,"[104, 332, 15, 22]",4,12,9,385,33.980582524271846,[],1
3,12,0.1,4,"[104, 332, 15, 22]",4,13,6,391,34.510150044130626,[],1
3,12,0.1,4,"[104, 332, 15, 22]",4,14,4,395,34.863195057369815,[],1
3,12,0.1,4,"[104, 332, 15, 22]",4,15,6,401,35.392762577228595,[],1
3,12,0.1,4,"[104, 332, 15, 22]",4,16,5,406,35.83406884377759,[],1
3,12,0.1,4,"[104, 332, 15, 22]",4,17,1,407,35.92233009708738,[],1
3,12,0.1,4,"[104, 332, 15, 22]",4,18,1,408,36.01059135039718,[],1
3,12,0.1,4,"[104, 332, 15, 22]",4,19,0,408,36.01059135039718,[],1
3,12,0.1,4,"[459, 133, 451, 577]",8,20,0,412,36.36363636363637,[],1
3,12,0.1,3,"[482, 92, 366]",11,21,10,425,37.51103265666372,[],1
3,12,0.1,3,"[482, 92, 366]",11,22,19,444,39.187996469549866,[],1
3,12,0.1,3,"[482, 92, 366]",11,23,12,456,40.24713150926743,[],1
3,12,0.1,3,"[482, 92, 366]",11,24,7,463,40.86496028243601,[],1
3,12,0.1,3,"[482, 92, 366]",11,25,3,466,41.1297440423654,[],1
3,12,0.1,3,"[482, 92, 366]",11,26,1,467,41.2180052956752,[],1
3,12,0.1,3,"[482, 92, 366]",11,27,0,467,41.2180052956752,[],1
3,12,0.1,8,"[104, 332, 15, 22, 41, 40, 195, 232]",8,1,47,55,4.854368932038835,[],1
3,12,0.1,8,"[104, 332, 15, 22, 41, 40, 195, 232]",8,2,55,110,9.70873786407767,[],1
3,12,0.1,8,"[104, 332, 15, 22, 41, 40, 195, 232]",8,3,54,164,14.474845542806708,[],1
3,12,0.1,8,"[104, 332, 15, 22, 41, 40, 195, 232]",8,4,63,227,20.03530450132392,[],1
3,12,0.1,8,"[104, 332, 15, 22, 41, 40, 195, 232]",8,5,63,290,25.59576345984113,[],1
3,12,0.1,8,"[104, 332, 15, 22, 41, 40, 195, 232]",8,6,47,337,29.74404236540159,[],1
3,12,0.1,8,"[104, 332, 15, 22, 41, 40, 195, 232]",8,7,28,365,32.21535745807591,[],1
3,12,0.1,8,"[104, 332, 15, 22, 41, 40, 195, 232]",8,8,12,377,33.27449249779347,[],1
3,12,0.1,8,"[104, 332, 15, 22, 41, 40, 195, 232]",8,9,9,386,34.06884377758164,[],1
3,12,0.1,8,"[104, 332, 15, 22, 41, 40, 195, 232]",8,10,12,398,35.1279788172992,[],1
3,12,0.1,8,"[104, 332, 15, 22, 41, 40, 195, 232]",8,11,8,406,35.83406884377759,[],1
3,12,0.1,8,"[104, 332, 15, 22, 41, 40, 195, 232]",8,12,2,408,36.01059135039718,[],1
3,12,0.1,8,"[104, 332, 15, 22, 41, 40, 195, 232]",8,13,0,408,36.01059135039718,[],1
3,12,0.1,3,"[459, 133, 451]",11,14,0,411,36.27537511032657,[],1
3,12,0.1,11,"[104, 332, 15, 22, 41, 40, 195, 232, 20, 75, 23]",11,1,56,67,5.913503971756398,[],1
3,12,0.1,11,"[104, 332, 15, 22, 41, 40, 195, 232, 20, 75, 23]",11,2,62,129,11.385701676963812,[],1
3,12,0.1,11,"[104, 332, 15, 22, 41, 40, 195, 232, 20, 75, 23]",11,3,59,188,16.593115622241836,[],1
3,12,0.1,11,"[104, 332, 15, 22, 41, 40, 195, 232, 20, 75, 23]",11,4,60,248,21.888790820829655,[],1
3,12,0.1,11,"[104, 332, 15, 22, 41, 40, 195, 232, 20, 75, 23]",11,5,55,303,26.74315975286849,[],1
3,12,0.1,11,"[104, 332, 15, 22, 41, 40, 195, 232, 20, 75, 23]",11,6,39,342,30.185348631950575,[],1
3,12,0.1,11,"[104, 332, 15, 22, 41, 40, 195, 232, 20, 75, 23]",11,7,23,365,32.21535745807591,[],1
3,12,0.1,11,"[104, 332, 15, 22, 41, 40, 195, 232, 20, 75, 23]",11,8,12,377,33.27449249779347,[],1
3,12,0.1,11,"[104, 332, 15, 22, 41, 40, 195, 232, 20, 75, 23]",11,9,9,386,34.06884377758164,[],1
3,12,0.1,11,"[104, 332, 15, 22, 41, 40, 195, 232, 20, 75, 23]",11,10,12,398,35.1279788172992,[],1
3,12,0.1,11,"[104, 332, 15, 22, 41, 40, 195, 232, 20, 75, 23]",11,11,8,406,35.83406884377759,[],1
3,12,0.1,11,"[104, 332, 15, 22, 41, 40, 195, 232, 20, 75, 23]",11,12,2,408,36.01059135039718,[],1
3,12,0.1,11,"[104, 332, 15, 22, 41, 40, 195, 232, 20, 75, 23]",11,13,0,408,36.01059135039718,[],1
2,12,0.1,1,[104],1,1,7,8,0.706090026478376,[],1
2,12,0.1,1,[104],1,2,10,18,1.5887025595763458,[],1
2,12,0.1,1,[104],1,3,30,48,4.236540158870256,[],1
2,12,0.1,1,[104],1,4,30,78,6.884377758164166,[],1
2,12,0.1,1,[104],1,5,55,133,11.738746690203,[],1
2,12,0.1,1,[104],1,6,50,183,16.15180935569285,[],1
2,12,0.1,1,[104],1,7,60,243,21.44748455428067,[],1
2,12,0.1,1,[104],1,8,53,296,26.12533097969991,[],1
2,12,0.1,1,[104],1,9,38,334,29.479258605472197,[],1
2,12,0.1,1,[104],1,10,21,355,31.332744924977934,[],1
2,12,0.1,1,[104],1,11,13,368,32.4801412180053,[],1
2,12,0.1,1,[104],1,12,10,378,33.36275375110326,[],1
2,12,0.1,1,[104],1,13,2,380,33.53927625772286,[],1
2,12,0.1,1,[104],1,14,2,382,33.71579876434245,[],1
2,12,0.1,1,[104],1,15,0,382,33.71579876434245,[],1
2,12,0.1,1,[68],2,16,0,383,33.80406001765225,[],1
2,12,0.1,1,[395],3,17,2,386,34.06884377758164,[],1
2,12,0.1,1,[395],3,18,1,387,34.15710503089144,[],1
2,12,0.1,1,[395],3,19,2,389,34.33362753751103,[],1
2,12,0.1,1,[395],3,20,1,390,34.42188879082083,[],1
2,12,0.1,1,[395],3,21,0,390,34.42188879082083,[],1
2,12,0.1,1,[312],4,22,0,391,34.510150044130626,[],1
2,12,0.1,1,[286],5,23,2,394,34.77493380406001,[],1
2,12,0.1,1,[286],5,24,2,396,34.95145631067961,[],1
2,12,0.1,1,[286],5,25,1,397,35.039717563989406,[],1
2,12,0.1,1,[286],5,26,1,398,35.1279788172992,[],1
2,12,0.1,1,[286],5,27,2,400,35.3045013239188,[],1
2,12,0.1,1,[286],5,28,0,400,35.3045013239188,[],1
2,12,0.1,1,[89],6,29,0,401,35.392762577228595,[],1
2,12,0.1,1,[453],7,30,1,403,35.56928508384819,[],1
2,12,0.1,1,[453],7,31,1,404,35.65754633715799,[],1
2,12,0.1,1,[453],7,32,0,404,35.65754633715799,[],1
2,12,0.1,1,[338],8,33,0,405,35.745807590467784,[],1
2,12,0.1,1,[181],9,34,3,409,36.09885260370697,[],1
2,12,0.1,1,[181],9,35,1,410,36.18711385701677,[],1
2,12,0.1,1,[181],9,36,0,410,36.18711385701677,[],1
2,12,0.1,1,[611],10,37,0,411,36.27537511032657,[],1
2,12,0.1,1,[408],11,38,2,414,36.54015887025596,[],1
2,12,0.1,1,[408],11,39,4,418,36.89320388349515,[],1
2,12,0.1,1,[408],11,40,3,421,37.15798764342454,[],1
2,12,0.1,1,[408],11,41,0,421,37.15798764342454,[],1
2,12,0.1,2,"[104, 332]",2,1,14,16,1.412180052956752,[],1
2,12,0.1,2,"[104, 332]",2,2,18,34,3.000882612533098,[],1
2,12,0.1,2,"[104, 332]",2,3,41,75,6.619593998234776,[],1
2,12,0.1,2,"[104, 332]",2,4,37,112,9.885260370697264,[],1
2,12,0.1,2,"[104, 332]",2,5,66,178,15.710503089143865,[],1
2,12,0.1,2,"[104, 332]",2,6,65,243,21.44748455428067,[],1
2,12,0.1,2,"[104, 332]",2,7,55,298,26.301853486319505,[],1
2,12,0.1,2,"[104, 332]",2,8,36,334,29.479258605472197,[],1
2,12,0.1,2,"[104, 332]",2,9,21,355,31.332744924977934,[],1
2,12,0.1,2,"[104, 332]",2,10,18,373,32.92144748455428,[],1
2,12,0.1,2,"[104, 332]",2,11,5,378,33.36275375110326,[],1
2,12,0.1,2,"[104, 332]",2,12,2,380,33.53927625772286,[],1
2,12,0.1,2,"[104, 332]",2,13,2,382,33.71579876434245,[],1
2,12,0.1,2,"[104, 332]",2,14,0,382,33.71579876434245,[],1
2,12,0.1,2,"[68, 395]",4,15,0,384,33.89232127096205,[],1
2,12,0.1,2,"[312, 286]",6,16,2,388,34.24536628420123,[],1
2,12,0.1,2,"[312, 286]",6,17,4,392,34.59841129744042,[],1
2,12,0.1,2,"[312, 286]",6,18,3,395,34.863195057369815,[],1
2,12,0.1,2,"[312, 286]",6,19,2,397,35.039717563989406,[],1
2,12,0.1,2,"[312, 286]",6,20,1,398,35.1279788172992,[],1
2,12,0.1,2,"[312, 286]",6,21,2,400,35.3045013239188,[],1
2,12,0.1,2,"[312, 286]",6,22,0,400,35.3045013239188,[],1
2,12,0.1,2,"[89, 453]",8,23,0,402,35.48102383053839,[],1
2,12,0.1,2,"[338, 181]",10,24,1,405,35.745807590467784,[],1
2,12,0.1,2,"[338, 181]",10,25,5,410,36.18711385701677,[],1
2,12,0.1,2,"[338, 181]",10,26,0,410,36.18711385701677,[],1
2,12,0.1,1,[611],11,27,0,411,36.27537511032657,[],1
2,12,0.1,4,"[104, 332, 15, 22]",4,1,23,27,2.383053839364519,[],1
2,12,0.1,4,"[104, 332, 15, 22]",4,2,39,66,5.825242718446602,[],1
2,12,0.1,4,"[104, 332, 15, 22]",4,3,65,131,11.562224183583407,[],1
2,12,0.1,4,"[104, 332, 15, 22]",4,4,51,182,16.063548102383056,[],1
2,12,0.1,4,"[104, 332, 15, 22]",4,5,72,254,22.41835834068844,[],1
2,12,0.1,4,"[104, 332, 15, 22]",4,6,56,310,27.360988526037072,[],1
2,12,0.1,4,"[104, 332, 15, 22]",4,7,37,347,30.62665489849956,[],1
2,12,0.1,4,"[104, 332, 15, 22]",4,8,20,367,32.3918799646955,[],1
2,12,0.1,4,"[104, 332, 15, 22]",4,9,10,377,33.27449249779347,[],1
2,12,0.1,4,"[104, 332, 15, 22]",4,10,5,382,33.71579876434245,[],1
2,12,0.1,4,"[104, 332, 15, 22]",4,11,0,382,33.71579876434245,[],1
2,12,0.1,4,"[68, 395, 312, 89]",8,12,0,386,34.06884377758164,[],1
2,12,0.1,3,"[286, 181, 453]",11,13,5,394,34.77493380406001,[],1
2,12,0.1,3,"[286, 181, 453]",11,14,5,399,35.216240070609004,[],1
2,12,0.1,3,"[286, 181, 453]",11,15,3,402,35.48102383053839,[],1
2,12,0.1,3,"[286, 181, 453]",11,16,2,404,35.65754633715799,[],1
2,12,0.1,3,"[286, 181, 453]",11,17,2,406,35.83406884377759,[],1
2,12,0.1,3,"[286, 181, 453]",11,18,0,406,35.83406884377759,[],1
2,12,0.1,8,"[104, 332, 15, 22, 41, 40, 195, 232]",8,1,34,42,3.7069726390114734,[],1
2,12,0.1,8,"[104, 332, 15, 22, 41, 40, 195, 232]",8,2,54,96,8.473080317740513,[],1
2,12,0.1,8,"[104, 332, 15, 22, 41, 40, 195, 232]",8,3,69,165,14.563106796116504,[],1
2,12,0.1,8,"[104, 332, 15, 22, 41, 40, 195, 232]",8,4,55,220,19.41747572815534,[],1
2,12,0.1,8,"[104, 332, 15, 22, 41, 40, 195, 232]",8,5,64,284,25.06619593998235,[],1
2,12,0.1,8,"[104, 332, 15, 22, 41, 40, 195, 232]",8,6,41,325,28.684907325684023,[],1
2,12,0.1,8,"[104, 332, 15, 22, 41, 40, 195, 232]",8,7,27,352,31.06796116504854,[],1
2,12,0.1,8,"[104, 332, 15, 22, 41, 40, 195, 232]",8,8,15,367,32.3918799646955,[],1
2,12,0.1,8,"[104, 332, 15, 22, 41, 40, 195, 232]",8,9,10,377,33.27449249779347,[],1
2,12,0.1,8,"[104, 332, 15, 22, 41, 40, 195, 232]",8,10,5,382,33.71579876434245,[],1
2,12,0.1,8,"[104, 332, 15, 22, 41, 40, 195, 232]",8,11,0,382,33.71579876434245,[],1
2,12,0.1,3,"[68, 395, 312]",11,12,0,385,33.980582524271846,[],1
2,12,0.1,11,"[104, 332, 15, 22, 41, 40, 195, 232, 20, 75, 23]",11,1,50,61,5.3839364518976165,[],1
2,12,0.1,11,"[104, 332, 15, 22, 41, 40, 195, 232, 20, 75, 23]",11,2,67,128,11.297440423654017,[],1
2,12,0.1,11,"[104, 332, 15, 22, 41, 40, 195, 232, 20, 75, 23]",11,3,75,203,17.917034421888793,[],1
2,12,0.1,11,"[104, 332, 15, 22, 41, 40, 195, 232, 20, 75, 23]",11,4,58,261,23.036187113857018,[],1
2,12,0.1,11,"[104, 332, 15, 22, 41, 40, 195, 232, 20, 75, 23]",11,5,57,318,28.067078552515447,[],1
2,12,0.1,11,"[104, 332, 15, 22, 41, 40, 195, 232, 20, 75, 23]",11,6,27,345,30.450132391879965,[],1
2,12,0.1,11,"[104, 332, 15, 22, 41, 40, 195, 232, 20, 75, 23]",11,7,18,363,32.038834951456316,[],1
2,12,0.1,11,"[104, 332, 15, 22, 41, 40, 195, 232, 20, 75, 23]",11,8,11,374,33.00970873786408,[],1
2,12,0.1,11,"[104, 332, 15, 22, 41, 40, 195, 232, 20, 75, 23]",11,9,5,379,33.451015004413065,[],1
2,12,0.1,11,"[104, 332, 15, 22, 41, 40, 195, 232, 20, 75, 23]",11,10,3,382,33.71579876434245,[],1
2,12,0.1,11,"[104, 332, 15, 22, 41, 40, 195, 232, 20, 75, 23]",11,11,0,382,33.71579876434245,[],1
1,12,0.1,1,[104],1,1,5,6,0.529567519858782,[],1
1,12,0.1,1,[104],1,2,8,14,1.235657546337158,[],1
1,12,0.1,1,[104],1,3,16,30,2.64783759929391,[],1
1,12,0.1,1,[104],1,4,27,57,5.030891438658429,[],1
1,12,0.1,1,[104],1,5,38,95,8.384819064430715,[],1
1,12,0.1,1,[104],1,6,42,137,12.09179170344219,[],1
1,12,0.1,1,[104],1,7,59,196,17.29920564872021,[],1
1,12,0.1,1,[104],1,8,64,260,22.94792586054722,[],1
1,12,0.1,1,[104],1,9,48,308,27.184466019417474,[],1
1,12,0.1,1,[104],1,10,26,334,29.479258605472197,[],1
1,12,0.1,1,[104],1,11,13,347,30.62665489849956,[],1
1,12,0.1,1,[104],1,12,9,356,31.42100617828773,[],1
1,12,0.1,1,[104],1,13,2,358,31.597528684907328,[],1
1,12,0.1,1,[104],1,14,0,358,31.597528684907328,[],1
1,12,0.1,1,[340],2,15,0,359,31.685789938217123,[],1
1,12,0.1,1,[459],3,16,1,361,31.862312444836714,[],1
1,12,0.1,1,[459],3,17,3,364,32.12709620476611,[],1
1,12,0.1,1,[459],3,18,0,364,32.12709620476611,[],1
1,12,0.1,1,[577],4,19,0,365,32.21535745807591,[],1
1,12,0.1,1,[51],5,20,3,369,32.568402471315096,[],1
1,12,0.1,1,[51],5,21,3,372,32.83318623124448,[],1
1,12,0.1,1,[51],5,22,2,374,33.00970873786408,[],1
1,12,0.1,1,[51],5,23,2,376,33.18623124448367,[],1
1,12,0.1,1,[51],5,24,1,377,33.27449249779347,[],1
1,12,0.1,1,[51],5,25,1,378,33.36275375110326,[],1
1,12,0.1,1,[51],5,26,0,378,33.36275375110326,[],1
1,12,0.1,1,[57],6,27,0,379,33.451015004413065,[],1
1,12,0.1,1,[355],7,28,2,382,33.71579876434245,[],1
1,12,0.1,1,[355],7,29,4,386,34.06884377758164,[],1
1,12,0.1,1,[355],7,30,3,389,34.33362753751103,[],1
1,12,0.1,1,[355],7,31,0,389,34.33362753751103,[],1
1,12,0.1,1,[482],8,32,0,390,34.42188879082083,[],1
1,12,0.1,1,[133],9,33,2,393,34.68667255075022,[],1
1,12,0.1,1,[133],9,34,5,398,35.1279788172992,[],1
1,12,0.1,1,[133],9,35,1,399,35.216240070609004,[],1
1,12,0.1,1,[133],9,36,0,399,35.216240070609004,[],1
1,12,0.1,1,[315],10,37,0,400,35.3045013239188,[],1
1,12,0.1,1,[756],11,38,2,403,35.56928508384819,[],1
1,12,0.1,1,[756],11,39,3,406,35.83406884377759,[],1
1,12,0.1,1,[756],11,40,3,409,36.09885260370697,[],1
1,12,0.1,1,[756],11,41,2,411,36.27537511032657,[],1
1,12,0.1,1,[756],11,42,1,412,36.36363636363637,[],1
1,12,0.1,1,[756],11,43,0,412,36.36363636363637,[],1
1,12,0.1,2,"[104, 332]",2,1,11,13,1.1473962930273611,[],1
1,12,0.1,2,"[104, 332]",2,2,18,31,2.736098852603707,[],1
1,12,0.1,2,"[104, 332]",2,3,38,69,6.090026478375993,[],1
1,12,0.1,2,"[104, 332]",2,4,53,122,10.767872903795233,[],1
1,12,0.1,2,"[104, 332]",2,5,68,190,16.76963812886143,[],1
1,12,0.1,2,"[104, 332]",2,6,55,245,21.624007060900265,[],1
1,12,0.1,2,"[104, 332]",2,7,44,289,25.507502206531335,[],1
1,12,0.1,2,"[104, 332]",2,8,33,322,28.420123565754636,[],1
1,12,0.1,2,"[104, 332]",2,9,20,342,30.185348631950575,[],1
1,12,0.1,2,"[104, 332]",2,10,11,353,31.156222418358343,[],1
1,12,0.1,2,"[104, 332]",2,11,3,356,31.42100617828773,[],1
1,12,0.1,2,"[104, 332]",2,12,1,357,31.509267431597525,[],1
1,12,0.1,2,"[104, 332]",2,13,1,358,31.597528684907328,[],1
1,12,0.1,2,"[104, 332]",2,14,0,358,31.597528684907328,[],1
1,12,0.1,2,"[340, 577]",4,15,0,360,31.77405119152692,[],1
1,12,0.1,2,"[459, 51]",6,16,4,366,32.3036187113857,[],1
1,12,0.1,2,"[459, 51]",6,17,6,372,32.83318623124448,[],1
1,12,0.1,2,"[459, 51]",6,18,2,374,33.00970873786408,[],1
1,12,0.1,2,"[459, 51]",6,19,2,376,33.18623124448367,[],1
1,12,0.1,2,"[459, 51]",6,20,1,377,33.27449249779347,[],1
1,12,0.1,2,"[459, 51]",6,21,1,378,33.36275375110326,[],1
1,12,0.1,2,"[459, 51]",6,22,0,378,33.36275375110326,[],1
1,12,0.1,2,"[57, 355]",8,23,0,380,33.53927625772286,[],1
1,12,0.1,2,"[482, 315]",10,24,4,386,34.06884377758164,[],1
1,12,0.1,2,"[482, 315]",10,25,7,393,34.68667255075022,[],1
1,12,0.1,2,"[482, 315]",10,26,5,398,35.1279788172992,[],1
1,12,0.1,2,"[482, 315]",10,27,1,399,35.216240070609004,[],1
1,12,0.1,2,"[482, 315]",10,28,2,401,35.392762577228595,[],1
1,12,0.1,2,"[482, 315]",10,29,1,402,35.48102383053839,[],1
1,12,0.1,2,"[482, 315]",10,30,0,402,35.48102383053839,[],1
1,12,0.1,1,[756],11,31,0,403,35.56928508384819,[],1
1,12,0.1,4,"[104, 332, 15, 22]",4,1,26,30,2.64783759929391,[],1
1,12,0.1,4,"[104, 332, 15, 22]",4,2,38,68,6.001765225066196,[],1
1,12,0.1,4,"[104, 332, 15, 22]",4,3,51,119,10.503089143865843,[],1
1,12,0.1,4,"[104, 332, 15, 22]",4,4,63,182,16.063548102383056,[],1
1,12,0.1,4,"[104, 332, 15, 22]",4,5,62,244,21.535745807590466,[],1
1,12,0.1,4,"[104, 332, 15, 22]",4,6,41,285,25.154457193292146,[],1
1,12,0.1,4,"[104, 332, 15, 22]",4,7,35,320,28.243601059135038,[],1
1,12,0.1,4,"[104, 332, 15, 22]",4,8,16,336,29.655781112091788,[],1
1,12,0.1,4,"[104, 332, 15, 22]",4,9,10,346,30.53839364518976,[],1
1,12,0.1,4,"[104, 332, 15, 22]",4,10,8,354,31.24448367166814,[],1
1,12,0.1,4,"[104, 332, 15, 22]",4,11,2,356,31.42100617828773,[],1
1,12,0.1,4,"[104, 332, 15, 22]",4,12,1,357,31.509267431597525,[],1
1,12,0.1,4,"[104, 332, 15, 22]",4,13,1,358,31.597528684907328,[],1
1,12,0.1,4,"[104, 332, 15, 22]",4,14,0,358,31.597528684907328,[],1
1,12,0.1,4,"[340, 577, 459, 51]",8,15,0,362,31.950573698146513,[],1
1,12,0.1,3,"[57, 355, 482]",11,16,9,374,33.00970873786408,[],1
1,12,0.1,3,"[57, 355, 482]",11,17,9,383,33.80406001765225,[],1
1,12,0.1,3,"[57, 355, 482]",11,18,8,391,34.510150044130626,[],1
1,12,0.1,3,"[57, 355, 482]",11,19,4,395,34.863195057369815,[],1
1,12,0.1,3,"[57, 355, 482]",11,20,3,398,35.1279788172992,[],1
1,12,0.1,3,"[57, 355, 482]",11,21,1,399,35.216240070609004,[],1
1,12,0.1,3,"[57, 355, 482]",11,22,0,399,35.216240070609004,[],1
1,12,0.1,8,"[104, 332, 15, 22, 41, 40, 195, 232]",8,1,44,52,4.5895851721094445,[],1
1,12,0.1,8,"[104, 332, 15, 22, 41, 40, 195, 232]",8,2,65,117,10.326566637246248,[],1
1,12,0.1,8,"[104, 332, 15, 22, 41, 40, 195, 232]",8,3,75,192,16.946160635481025,[],1
1,12,0.1,8,"[104, 332, 15, 22, 41, 40, 195, 232]",8,4,66,258,22.771403353927624,[],1
1,12,0.1,8,"[104, 332, 15, 22, 41, 40, 195, 232]",8,5,43,301,26.5666372462489,[],1
1,12,0.1,8,"[104, 332, 15, 22, 41, 40, 195, 232]",8,6,26,327,28.86142983230362,[],1
1,12,0.1,8,"[104, 332, 15, 22, 41, 40, 195, 232]",8,7,15,342,30.185348631950575,[],1
1,12,0.1,8,"[104, 332, 15, 22, 41, 40, 195, 232]",8,8,8,350,30.89143865842895,[],1
1,12,0.1,8,"[104, 332, 15, 22, 41, 40, 195, 232]",8,9,3,353,31.156222418358343,[],1
1,12,0.1,8,"[104, 332, 15, 22, 41, 40, 195, 232]",8,10,2,355,31.332744924977934,[],1
1,12,0.1,8,"[104, 332, 15, 22, 41, 40, 195, 232]",8,11,2,357,31.509267431597525,[],1
1,12,0.1,8,"[104, 332, 15, 22, 41, 40, 195, 232]",8,12,1,358,31.597528684907328,[],1
1,12,0.1,8,"[104, 332, 15, 22, 41, 40, 195, 232]",8,13,0,358,31.597528684907328,[],1
1,12,0.1,3,"[340, 577, 459]",11,14,0,361,31.862312444836714,[],1
1,12,0.1,11,"[104, 332, 15, 22, 41, 40, 195, 232, 20, 75, 23]",11,1,51,62,5.472197705207414,[],1
1,12,0.1,11,"[104, 332, 15, 22, 41, 40, 195, 232, 20, 75, 23]",11,2,68,130,11.47396293027361,[],1
1,12,0.1,11,"[104, 332, 15, 22, 41, 40, 195, 232, 20, 75, 23]",11,3,72,202,17.828773168578994,[],1
1,12,0.1,11,"[104, 332, 15, 22, 41, 40, 195, 232, 20, 75, 23]",11,4,63,265,23.389232127096204,[],1
1,12,0.1,11,"[104, 332, 15, 22, 41, 40, 195, 232, 20, 75, 23]",11,5,42,307,27.09620476610768,[],1
1,12,0.1,11,"[104, 332, 15, 22, 41, 40, 195, 232, 20, 75, 23]",11,6,21,328,28.949691085613416,[],1
1,12,0.1,11,"[104, 332, 15, 22, 41, 40, 195, 232, 20, 75, 23]",11,7,14,342,30.185348631950575,[],1
1,12,0.1,11,"[104, 332, 15, 22, 41, 40, 195, 232, 20, 75, 23]",11,8,8,350,30.89143865842895,[],1
1,12,0.1,11,"[104, 332, 15, 22, 41, 40, 195, 232, 20, 75, 23]",11,9,3,353,31.156222418358343,[],1
1,12,0.1,11,"[104, 332, 15, 22, 41, 40, 195, 232, 20, 75, 23]",11,10,2,355,31.332744924977934,[],1
1,12,0.1,11,"[104, 332, 15, 22, 41, 40, 195, 232, 20, 75, 23]",11,11,2,357,31.509267431597525,[],1
1,12,0.1,11,"[104, 332, 15, 22, 41, 40, 195, 232, 20, 75, 23]",11,12,1,358,31.597528684907328,[],1
1,12,0.1,11,"[104, 332, 15, 22, 41, 40, 195, 232, 20, 75, 23]",11,13,0,358,31.597528684907328,[],1
9,12,0.1,1,[104],1,1,8,9,0.7943512797881729,[],1
9,12,0.1,1,[104],1,2,19,28,2.471315092674316,[],1
9,12,0.1,1,[104],1,3,38,66,5.825242718446602,[],1
9,12,0.1,1,[104],1,4,50,116,10.238305383936453,[],1
9,12,0.1,1,[104],1,5,65,181,15.975286849073257,[],1
9,12,0.1,1,[104],1,6,68,249,21.977052074139454,[],1
9,12,0.1,1,[104],1,7,66,315,27.802294792586054,[],1
9,12,0.1,1,[104],1,8,48,363,32.038834951456316,[],1
9,12,0.1,1,[104],1,9,26,389,34.33362753751103,[],1
9,12,0.1,1,[104],1,10,9,398,35.1279788172992,[],1
9,12,0.1,1,[104],1,11,2,400,35.3045013239188,[],1
9,12,0.1,1,[104],1,12,0,400,35.3045013239188,[],1
9,12,0.1,1,[482],2,13,0,401,35.392762577228595,[],1
9,12,0.1,1,[453],3,14,2,404,35.65754633715799,[],1
9,12,0.1,1,[453],3,15,4,408,36.01059135039718,[],1
9,12,0.1,1,[453],3,16,2,410,36.18711385701677,[],1
9,12,0.1,1,[453],3,17,1,411,36.27537511032657,[],1
9,12,0.1,1,[453],3,18,0,411,36.27537511032657,[],1
9,12,0.1,1,[589],4,19,0,412,36.36363636363637,[],1
9,12,0.1,1,[428],5,20,3,416,36.716681376875556,[],1
9,12,0.1,1,[428],5,21,5,421,37.15798764342454,[],1
9,12,0.1,1,[428],5,22,3,424,37.42277140335393,[],1
9,12,0.1,1,[428],5,23,2,426,37.59929390997352,[],1
9,12,0.1,1,[428],5,24,2,428,37.775816416593116,[],1
9,12,0.1,1,[428],5,25,0,428,37.775816416593116,[],1
9,12,0.1,1,[467],6,26,0,429,37.86407766990291,[],1
9,12,0.1,1,[6],7,27,0,430,37.95233892321271,[],1
9,12,0.1,1,[480],8,28,1,432,38.128861429832305,[],1
9,12,0.1,1,[480],8,29,2,434,38.305383936451896,[],1
9,12,0.1,1,[480],8,30,1,435,38.39364518976169,[],1
9,12,0.1,1,[480],8,31,0,435,38.39364518976169,[],1
9,12,0.1,1,[756],9,32,0,436,38.48190644307149,[],1
9,12,0.1,1,[286],10,33,3,440,38.83495145631068,[],1
9,12,0.1,1,[286],10,34,3,443,39.09973521624007,[],1
9,12,0.1,1,[286],10,35,0,443,39.09973521624007,[],1
9,12,0.1,1,[56],11,36,0,444,39.187996469549866,[],1
9,12,0.1,2,"[104, 332]",2,1,15,17,1.500441306266549,[],1
9,12,0.1,2,"[104, 332]",2,2,43,60,5.29567519858782,[],1
9,12,0.1,2,"[104, 332]",2,3,71,131,11.562224183583407,[],1
9,12,0.1,2,"[104, 332]",2,4,72,203,17.917034421888793,[],1
9,12,0.1,2,"[104, 332]",2,5,67,270,23.830538393645188,[],1
9,12,0.1,2,"[104, 332]",2,6,55,325,28.684907325684023,[],1
9,12,0.1,2,"[104, 332]",2,7,38,363,32.038834951456316,[],1
9,12,0.1,2,"[104, 332]",2,8,27,390,34.42188879082083,[],1
9,12,0.1,2,"[104, 332]",2,9,9,399,35.216240070609004,[],1
9,12,0.1,2,"[104, 332]",2,10,1,400,35.3045013239188,[],1
9,12,0.1,2,"[104, 332]",2,11,0,400,35.3045013239188,[],1
9,12,0.1,2,"[482, 453]",4,12,0,402,35.48102383053839,[],1
9,12,0.1,2,"[589, 428]",6,13,5,409,36.09885260370697,[],1
9,12,0.1,2,"[589, 428]",6,14,6,415,36.62842012356575,[],1
9,12,0.1,2,"[589, 428]",6,15,5,420,37.06972639011474,[],1
9,12,0.1,2,"[589, 428]",6,16,4,424,37.42277140335393,[],1
9,12,0.1,2,"[589, 428]",6,17,2,426,37.59929390997352,[],1
9,12,0.1,2,"[589, 428]",6,18,2,428,37.775816416593116,[],1
9,12,0.1,2,"[589, 428]",6,19,0,428,37.775816416593116,[],1
9,12,0.1,2,"[467, 6]",8,20,0,430,37.95233892321271,[],1
9,12,0.1,2,"[480, 756]",10,21,1,433,38.2171226831421,[],1
9,12,0.1,2,"[480, 756]",10,22,5,438,38.658428949691086,[],1
9,12,0.1,2,"[480, 756]",10,23,3,441,38.92321270962047,[],1
9,12,0.1,2,"[480, 756]",10,24,0,441,38.92321270962047,[],1
9,12,0.1,1,[286],11,25,0,442,39.01147396293027,[],1
9,12,0.1,4,"[104, 332, 15, 22]",4,1,20,24,2.118270079435128,[],1
9,12,0.1,4,"[104, 332, 15, 22]",4,2,48,72,6.354810238305383,[],1
9,12,0.1,4,"[104, 332, 15, 22]",4,3,82,154,13.592233009708737,[],1
9,12,0.1,4,"[104, 332, 15, 22]",4,4,70,224,19.770520741394527,[],1
9,12,0.1,4,"[104, 332, 15, 22]",4,5,67,291,25.684024713150926,[],1
9,12,0.1,4,"[104, 332, 15, 22]",4,6,54,345,30.450132391879965,[],1
9,12,0.1,4,"[104, 332, 15, 22]",4,7,32,377,33.27449249779347,[],1
9,12,0.1,4,"[104, 332, 15, 22]",4,8,17,394,34.77493380406001,[],1
9,12,0.1,4,"[104, 332, 15, 22]",4,9,5,399,35.216240070609004,[],1
9,12,0.1,4,"[104, 332, 15, 22]",4,10,1,400,35.3045013239188,[],1
9,12,0.1,4,"[104, 332, 15, 22]",4,11,0,400,35.3045013239188,[],1
9,12,0.1,4,"[482, 453, 589, 428]",8,12,0,404,35.65754633715799,[],1
9,12,0.1,3,"[467, 6, 92]",11,13,9,416,36.716681376875556,[],1
9,12,0.1,3,"[467, 6, 92]",11,14,7,423,37.33451015004413,[],1
9,12,0.1,3,"[467, 6, 92]",11,15,5,428,37.775816416593116,[],1
9,12,0.1,3,"[467, 6, 92]",11,16,3,431,38.0406001765225,[],1
9,12,0.1,3,"[467, 6, 92]",11,17,2,433,38.2171226831421,[],1
9,12,0.1,3,"[467, 6, 92]",11,18,0,433,38.2171226831421,[],1
9,12,0.1,8,"[104, 332, 15, 22, 41, 40, 195, 232]",8,1,41,49,4.324801412180053,[],1
9,12,0.1,8,"[104, 332, 15, 22, 41, 40, 195, 232]",8,2,62,111,9.796999117387466,[],1
9,12,0.1,8,"[104, 332, 15, 22, 41, 40, 195, 232]",8,3,92,203,17.917034421888793,[],1
9,12,0.1,8,"[104, 332, 15, 22, 41, 40, 195, 232]",8,4,67,270,23.830538393645188,[],1
9,12,0.1,8,"[104, 332, 15, 22, 41, 40, 195, 232]",8,5,56,326,28.773168578993825,[],1
9,12,0.1,8,"[104, 332, 15, 22, 41, 40, 195, 232]",8,6,40,366,32.3036187113857,[],1
9,12,0.1,8,"[104, 332, 15, 22, 41, 40, 195, 232]",8,7,22,388,34.24536628420123,[],1
9,12,0.1,8,"[104, 332, 15, 22, 41, 40, 195, 232]",8,8,10,398,35.1279788172992,[],1
9,12,0.1,8,"[104, 332, 15, 22, 41, 40, 195, 232]",8,9,2,400,35.3045013239188,[],1
9,12,0.1,8,"[104, 332, 15, 22, 41, 40, 195, 232]",8,10,0,400,35.3045013239188,[],1
9,12,0.1,3,"[482, 453, 589]",11,11,0,403,35.56928508384819,[],1
9,12,0.1,11,"[104, 332, 15, 22, 41, 40, 195, 232, 20, 75, 23]",11,1,53,64,5.648720211827008,[],1
9,12,0.1,11,"[104, 332, 15, 22, 41, 40, 195, 232, 20, 75, 23]",11,2,74,138,12.180052956751986,[],1
9,12,0.1,11,"[104, 332, 15, 22, 41, 40, 195, 232, 20, 75, 23]",11,3,98,236,20.82965578111209,[],1
9,12,0.1,11,"[104, 332, 15, 22, 41, 40, 195, 232, 20, 75, 23]",11,4,65,301,26.5666372462489,[],1
9,12,0.1,11,"[104, 332, 15, 22, 41, 40, 195, 232, 20, 75, 23]",11,5,50,351,30.979699911738745,[],1
9,12,0.1,11,"[104, 332, 15, 22, 41, 40, 195, 232, 20, 75, 23]",11,6,35,386,34.06884377758164,[],1
9,12,0.1,11,"[104, 332, 15, 22, 41, 40, 195, 232, 20, 75, 23]",11,7,10,396,34.95145631067961,[],1
9,12,0.1,11,"[104, 332, 15, 22, 41, 40, 195, 232, 20, 75, 23]",11,8,3,399,35.216240070609004,[],1
9,12,0.1,11,"[104, 332, 15, 22, 41, 40, 195, 232, 20, 75, 23]",11,9,1,400,35.3045013239188,[],1
9,12,0.1,11,"[104, 332, 15, 22, 41, 40, 195, 232, 20, 75, 23]",11,10,0,400,35.3045013239188,[],1
8,12,0.1,1,[104],1,1,11,12,1.059135039717564,[],1
8,12,0.1,1,[104],1,2,18,30,2.64783759929391,[],1
8,12,0.1,1,[104],1,3,31,61,5.3839364518976165,[],1
8,12,0.1,1,[104],1,4,54,115,10.150044130626656,[],1
8,12,0.1,1,[104],1,5,71,186,16.41659311562224,[],1
8,12,0.1,1,[104],1,6,67,253,22.330097087378643,[],1
8,12,0.1,1,[104],1,7,62,315,27.802294792586054,[],1
8,12,0.1,1,[104],1,8,47,362,31.950573698146513,[],1
8,12,0.1,1,[104],1,9,29,391,34.510150044130626,[],1
8,12,0.1,1,[104],1,10,19,410,36.18711385701677,[],1
8,12,0.1,1,[104],1,11,11,421,37.15798764342454,[],1
8,12,0.1,1,[104],1,12,5,426,37.59929390997352,[],1
8,12,0.1,1,[104],1,13,6,432,38.128861429832305,[],1
8,12,0.1,1,[104],1,14,1,433,38.2171226831421,[],1
8,12,0.1,1,[104],1,15,2,435,38.39364518976169,[],1
8,12,0.1,1,[104],1,16,0,435,38.39364518976169,[],1
8,12,0.1,1,[563],2,17,0,436,38.48190644307149,[],1
8,12,0.1,1,[577],3,18,1,438,38.658428949691086,[],1
8,12,0.1,1,[577],3,19,2,440,38.83495145631068,[],1
8,12,0.1,1,[577],3,20,0,440,38.83495145631068,[],1
8,12,0.1,1,[354],4,21,0,441,38.92321270962047,[],1
8,12,0.1,1,[428],5,22,1,443,39.09973521624007,[],1
8,12,0.1,1,[428],5,23,5,448,39.541041482789055,[],1
8,12,0.1,1,[428],5,24,1,449,39.62930273609885,[],1
8,12,0.1,1,[428],5,25,0,449,39.62930273609885,[],1
8,12,0.1,1,[68],6,26,0,450,39.71756398940865,[],1
8,12,0.1,1,[597],7,27,0,451,39.80582524271845,[],1
8,12,0.1,1,[553],8,28,1,453,39.98234774933805,[],1
8,12,0.1,1,[553],8,29,1,454,40.07060900264784,[],1
8,12,0.1,1,[553],8,30,0,454,40.07060900264784,[],1
8,12,0.1,1,[218],9,31,0,455,40.15887025595764,[],1
8,12,0.1,1,[756],10,32,1,457,40.33539276257723,[],1
8,12,0.1,1,[756],10,33,2,459,40.51191526919683,[],1
8,12,0.1,1,[756],10,34,0,459,40.51191526919683,[],1
8,12,0.1,1,[392],11,35,0,460,40.60017652250662,[],1
8,12,0.1,2,"[104, 332]",2,1,16,18,1.5887025595763458,[],1
8,12,0.1,2,"[104, 332]",2,2,23,41,3.618711385701677,[],1
8,12,0.1,2,"[104, 332]",2,3,32,73,6.44307149161518,[],1
8,12,0.1,2,"[104, 332]",2,4,53,126,11.120917917034422,[],1
8,12,0.1,2,"[104, 332]",2,5,70,196,17.29920564872021,[],1
8,12,0.1,2,"[104, 332]",2,6,64,260,22.94792586054722,[],1
8,12,0.1,2,"[104, 332]",2,7,59,319,28.155339805825243,[],1
8,12,0.1,2,"[104, 332]",2,8,44,363,32.038834951456316,[],1
8,12,0.1,2,"[104, 332]",2,9,28,391,34.510150044130626,[],1
8,12,0.1,2,"[104, 332]",2,10,19,410,36.18711385701677,[],1
8,12,0.1,2,"[104, 332]",2,11,11,421,37.15798764342454,[],1
8,12,0.1,2,"[104, 332]",2,12,5,426,37.59929390997352,[],1
8,12,0.1,2,"[104, 332]",2,13,6,432,38.128861429832305,[],1
8,12,0.1,2,"[104, 332]",2,14,1,433,38.2171226831421,[],1
8,12,0.1,2,"[104, 332]",2,15,2,435,38.39364518976169,[],1
8,12,0.1,2,"[104, 332]",2,16,0,435,38.39364518976169,[],1
8,12,0.1,2,"[563, 577]",4,17,0,437,38.57016769638129,[],1
8,12,0.1,2,"[354, 428]",6,18,2,441,38.92321270962047,[],1
8,12,0.1,2,"[354, 428]",6,19,7,448,39.541041482789055,[],1
8,12,0.1,2,"[354, 428]",6,20,1,449,39.62930273609885,[],1
8,12,0.1,2,"[354, 428]",6,21,0,449,39.62930273609885,[],1
8,12,0.1,2,"[68, 597]",8,22,0,451,39.80582524271845,[],1
8,12,0.1,2,"[553, 218]",10,23,1,454,40.07060900264784,[],1
8,12,0.1,2,"[553, 218]",10,24,2,456,40.24713150926743,[],1
8,12,0.1,2,"[553, 218]",10,25,0,456,40.24713150926743,[],1
8,12,0.1,1,[756],11,26,0,457,40.33539276257723,[],1
8,12,0.1,4,"[104, 332, 15, 22]",4,1,28,32,2.824360105913504,[],1
8,12,0.1,4,"[104, 332, 15, 22]",4,2,47,79,6.972639011473963,[],1
8,12,0.1,4,"[104, 332, 15, 22]",4,3,49,128,11.297440423654017,[],1
8,12,0.1,4,"[104, 332, 15, 22]",4,4,69,197,17.387466902030006,[],1
8,12,0.1,4,"[104, 332, 15, 22]",4,5,83,280,24.71315092674316,[],1
8,12,0.1,4,"[104, 332, 15, 22]",4,6,67,347,30.62665489849956,[],1
8,12,0.1,4,"[104, 332, 15, 22]",4,7,42,389,34.33362753751103,[],1
8,12,0.1,4,"[104, 332, 15, 22]",4,8,15,404,35.65754633715799,[],1
8,12,0.1,4,"[104, 332, 15, 22]",4,9,9,413,36.45189761694616,[],1
8,12,0.1,4,"[104, 332, 15, 22]",4,10,7,420,37.06972639011474,[],1
8,12,0.1,4,"[104, 332, 15, 22]",4,11,7,427,37.68755516328332,[],1
8,12,0.1,4,"[104, 332, 15, 22]",4,12,5,432,38.128861429832305,[],1
8,12,0.1,4,"[104, 332, 15, 22]",4,13,1,433,38.2171226831421,[],1
8,12,0.1,4,"[104, 332, 15, 22]",4,14,2,435,38.39364518976169,[],1
8,12,0.1,4,"[104, 332, 15, 22]",4,15,0,435,38.39364518976169,[],1
8,12,0.1,4,"[563, 577, 354, 428]",8,16,0,439,38.74669020300088,[],1
8,12,0.1,3,"[597, 68, 218]",11,17,8,450,39.71756398940865,[],1
8,12,0.1,3,"[597, 68, 218]",11,18,4,454,40.07060900264784,[],1
8,12,0.1,3,"[597, 68, 218]",11,19,0,454,40.07060900264784,[],1
8,12,0.1,8,"[104, 332, 15, 22, 41, 40, 195, 232]",8,1,45,53,4.677846425419241,[],1
8,12,0.1,8,"[104, 332, 15, 22, 41, 40, 195, 232]",8,2,63,116,10.238305383936453,[],1
8,12,0.1,8,"[104, 332, 15, 22, 41, 40, 195, 232]",8,3,72,188,16.593115622241836,[],1
8,12,0.1,8,"[104, 332, 15, 22, 41, 40, 195, 232]",8,4,88,276,24.360105913503972,[],1
8,12,0.1,8,"[104, 332, 15, 22, 41, 40, 195, 232]",8,5,62,338,29.832303618711386,[],1
8,12,0.1,8,"[104, 332, 15, 22, 41, 40, 195, 232]",8,6,42,380,33.53927625772286,[],1
8,12,0.1,8,"[104, 332, 15, 22, 41, 40, 195, 232]",8,7,27,407,35.92233009708738,[],1
8,12,0.1,8,"[104, 332, 15, 22, 41, 40, 195, 232]",8,8,13,420,37.06972639011474,[],1
8,12,0.1,8,"[104, 332, 15, 22, 41, 40, 195, 232]",8,9,6,426,37.59929390997352,[],1
8,12,0.1,8,"[104, 332, 15, 22, 41, 40, 195, 232]",8,10,6,432,38.128861429832305,[],1
8,12,0.1,8,"[104, 332, 15, 22, 41, 40, 195, 232]",8,11,1,433,38.2171226831421,[],1
8,12,0.1,8,"[104, 332, 15, 22, 41, 40, 195, 232]",8,12,2,435,38.39364518976169,[],1
8,12,0.1,8,"[104, 332, 15, 22, 41, 40, 195, 232]",8,13,0,435,38.39364518976169,[],1
8,12,0.1,3,"[563, 577, 354]",11,14,0,438,38.658428949691086,[],1
8,12,0.1,11,"[104, 332, 15, 22, 41, 40, 195, 232, 20, 75, 23]",11,1,53,64,5.648720211827008,[],1
8,12,0.1,11,"[104, 332, 15, 22, 41, 40, 195, 232, 20, 75, 23]",11,2,73,137,12.09179170344219,[],1
8,12,0.1,11,"[104, 332, 15, 22, 41, 40, 195, 232, 20, 75, 23]",11,3,83,220,19.41747572815534,[],1
8,12,0.1,11,"[104, 332, 15, 22, 41, 40, 195, 232, 20, 75, 23]",11,4,83,303,26.74315975286849,[],1
8,12,0.1,11,"[104, 332, 15, 22, 41, 40, 195, 232, 20, 75, 23]",11,5,52,355,31.332744924977934,[],1
8,12,0.1,11,"[104, 332, 15, 22, 41, 40, 195, 232, 20, 75, 23]",11,6,34,389,34.33362753751103,[],1
8,12,0.1,11,"[104, 332, 15, 22, 41, 40, 195, 232, 20, 75, 23]",11,7,24,413,36.45189761694616,[],1
8,12,0.1,11,"[104, 332, 15, 22, 41, 40, 195, 232, 20, 75, 23]",11,8,15,428,37.775816416593116,[],1
8,12,0.1,11,"[104, 332, 15, 22, 41, 40, 195, 232, 20, 75, 23]",11,9,4,432,38.128861429832305,[],1
8,12,0.1,11,"[104, 332, 15, 22, 41, 40, 195, 232, 20, 75, 23]",11,10,3,435,38.39364518976169,[],1
8,12,0.1,11,"[104, 332, 15, 22, 41, 40, 195, 232, 20, 75, 23]",11,11,0,435,38.39364518976169,[],1
